active_power_w,energy_consumption_kwh,water_usage_effectiveness,carbon_intensity_gco2_kwh,inlet_temperature_c,exhaust_temperature_c,delta_t_c,fan_speed_rpm,cooling_method,cpu_utilization_percent,memory_utilization_percent,gpu_power_w,gpu_utilization_percent,gpu_temperature_c,gpu_core_frequency_mhz,num_gpus,ai_workload_type,batch_size,num_epochs,model_parameter_size_million,training_samples,job_duration_hours,job_status,rack_power_density_kw,gpu_sharing_mode,power_cap_w,manufacturer_sku_id,rack_label_color,rack_inventory_zone,environmental_waste_risk_level
4671,4.66,0.93,257,23.2,52.7,29.5,10380,liquid,69,79,372,79,75,1781,4,fine_tuning,64,18,10325,16726926,31.59,success,10.5,temporal_sharing,5946,sku_a,green,zone_a,moderado
5408,5.41,1.22,498,23.8,51.1,27.3,13891,hybrid,54,67,535,73,84,1548,4,fine_tuning,384,22,3811,10141190,25.56,success,10.3,full_gpu,7227,sku_a,blue,zone_a,baixo
5434,5.37,0.81,298,22.3,44.6,22.3,10933,hybrid,71,60,513,75,83,1844,4,fine_tuning,384,9,12675,12045192,30.78,success,10.1,full_gpu,6660,sku_e,yellow,zone_a,moderado
4726,4.67,1.4,337,23.1,45.3,22.2,8956,hybrid,64,70,384,58,76,1682,4,fine_tuning,768,18,12193,5485227,13.44,success,9.3,temporal_sharing,6244,sku_a,red,zone_d,moderado
4206,4.16,0.97,360,21.9,44.0,22.1,9987,hybrid,44,55,264,69,69,1481,4,inference,512,1,4296,3553324,4.16,success,10.5,mig,4755,sku_d,yellow,zone_d,baixo
11800,11.88,1.75,500,30.5,73.5,43.0,21900,air,58,75,670,53,95,1700,16,training,1536,150,65000,95000000,170.0,running,120.0,full_gpu,12000,sku_d,yellow,zone_a,alto
2582,2.6,1.53,384,23.1,48.5,25.4,10411,hybrid,50,59,235,44,65,1300,4,inference,64,1,4278,2348092,2.99,success,11.4,full_gpu,3526,sku_e,yellow,zone_b,moderado
5677,5.68,0.87,297,21.3,50.0,28.7,11372,hybrid,65,85,403,93,80,1815,8,training,1024,20,41026,22396544,79.46,success,14.5,full_gpu,7348,sku_b,red,zone_a,baixo
5982,6.0,0.49,232,23.2,48.1,24.9,11832,hybrid,58,80,473,67,82,1706,4,fine_tuning,128,21,14714,16528053,7.46,success,10.4,full_gpu,7678,sku_a,white,zone_b,moderado
7143,7.19,1.01,493,21.0,52.6,31.6,13495,liquid,75,70,568,68,86,1935,8,fine_tuning,768,35,14091,16804684,16.58,success,20.7,full_gpu,8019,sku_b,blue,zone_c,moderado
4900,4.87,1.1,290,24.0,54.0,30.0,12200,hybrid,30,45,360,28,72,1250,4,idle,4,1,100,50000,6.1,success,37.0,mig,7000,sku_a,green,zone_b,alto
7628,7.56,1.1,443,23.2,53.3,30.1,13350,liquid,79,78,430,65,79,1690,8,training,2048,122,56013,19361670,110.87,success,15.4,full_gpu,11034,sku_d,blue,zone_b,moderado
3080,3.07,1.29,314,23.5,46.5,23.0,7846,air,55,56,258,60,68,1379,4,inference,512,1,4548,4742844,2.4,success,8.2,full_gpu,3929,sku_c,green,zone_d,moderado
10750,10.8,2.75,745,29.5,71.5,42.0,20500,air,55,69,630,45,93,1620,16,training,1024,105,45000,72000000,145.0,aborted,115.0,full_gpu,12000,sku_b,yellow,zone_a,alto
2273,2.24,0.53,182,18.3,27.5,9.2,6615,liquid,48,49,317,75,65,1176,1,inference,64,1,896,2178331,2.49,success,5.8,full_gpu,2602,sku_b,red,zone_b,baixo
3996,3.99,0.74,222,22.9,40.1,17.2,5458,air,74,61,445,86,81,1580,4,fine_tuning,384,7,4395,1017388,11.3,running,9.9,mig,4559,sku_a,red,zone_d,baixo
6005,5.95,0.91,303,22.4,52.6,30.2,12092,liquid,68,81,443,75,81,1588,8,fine_tuning,768,8,7310,10338469,22.44,success,19.2,temporal_sharing,7920,sku_e,white,zone_b,baixo
8684,8.67,0.87,346,23.8,59.7,35.9,12824,liquid,86,77,457,83,82,1981,16,training,1024,80,31913,67486658,71.27,success,21.3,full_gpu,9968,sku_c,yellow,zone_d,baixo
6240,6.21,1.05,295,25.0,57.5,32.5,12200,hybrid,30,48,420,27,78,1200,8,idle,8,1,85,40000,5.7,success,58.0,temporal_sharing,8300,sku_a,blue,zone_c,alto
4152,4.12,0.74,184,23.1,42.3,19.2,10182,liquid,67,63,376,75,77,1599,4,fine_tuning,512,14,3867,9125758,9.73,success,9.3,full_gpu,4779,sku_d,red,zone_c,moderado
6804,6.89,0.59,269,21.0,44.8,23.8,9827,liquid,60,85,606,78,91,1672,8,training,2048,32,46888,77770112,16.59,success,15.8,full_gpu,8431,sku_c,blue,zone_b,baixo
3072,3.08,0.75,242,19.8,42.8,23.0,8647,air,67,55,354,62,73,1654,2,fine_tuning,384,14,3805,500908,11.11,success,6.2,full_gpu,4163,sku_c,green,zone_a,baixo
2844,2.85,0.85,274,23.2,46.1,22.9,9338,air,35,60,343,46,66,1302,4,inference,256,1,5860,4721293,2.14,success,14.5,temporal_sharing,3673,sku_b,yellow,zone_d,moderado
4810,4.77,1.3,350,24.0,53.5,29.5,10600,hybrid,35,51,350,34,72,1260,4,inference,128,1,2400,2500000,4.3,success,34.0,mig,6600,sku_a,green,zone_b,alto
1077,1.09,0.51,210,21.2,28.2,7.0,2660,air,21,13,95,10,40,1083,1,idle,2,1,53,30925,0.46,success,5.0,mig,1346,sku_b,yellow,zone_a,baixo
5380,5.44,1.85,500,25.0,55.5,30.5,12300,liquid,27,44,385,25,76,1180,8,idle,4,1,80,36000,5.1,failed,51.0,temporal_sharing,7200,sku_e,blue,zone_c,alto
7683,7.65,1.79,518,26.1,62.5,36.4,15096,hybrid,60,68,443,47,79,1668,8,training,1024,55,24596,77633055,68.34,success,20.6,full_gpu,10781,sku_b,blue,zone_a,moderado
2084,2.12,1.3,509,25.3,59.0,33.7,11846,air,20,38,148,14,47,1101,2,idle,2,1,50,98150,0.98,success,9.0,none,3453,sku_a,blue,zone_c,moderado
2575,2.55,0.58,126,20.0,39.7,19.7,5774,air,52,46,265,81,68,1519,2,inference,256,1,1258,1659029,0.75,success,8.0,temporal_sharing,3285,sku_d,white,zone_c,baixo
4949,5.01,1.55,259,22.7,47.2,24.5,10598,hybrid,48,74,312,63,74,1610,8,inference,64,1,5511,1351883,3.19,success,17.7,temporal_sharing,5856,sku_b,red,zone_b,moderado
5710,5.71,1.05,258,22.0,47.1,25.1,9136,liquid,65,58,478,64,80,1783,4,fine_tuning,384,13,4932,9418423,28.25,success,12.0,full_gpu,6981,sku_d,green,zone_b,moderado
6020,6.07,1.8,480,25.5,57.5,32.0,13000,liquid,31,46,410,28,77,1240,8,idle,4,1,55,26000,4.9,aborted,57.0,mig,8100,sku_c,blue,zone_a,alto
4339,4.3,0.98,284,21.1,43.0,21.9,10487,liquid,52,64,403,58,75,1471,8,inference,256,1,5494,2162843,3.02,success,11.5,temporal_sharing,5321,sku_a,blue,zone_c,baixo
2952,3.0,0.83,380,24.1,49.1,25.0,10060,air,47,59,260,38,66,1236,4,inference,512,1,1835,3692044,4.56,success,10.4,full_gpu,3581,sku_e,yellow,zone_c,moderado
10450,10.52,2.55,680,29.5,70.5,41.0,19800,air,51,67,620,45,92,1590,16,training,1024,110,44000,68000000,130.0,aborted,111.0,mig,12000,sku_d,green,zone_c,alto
816,0.83,0.3,122,21.0,34.2,13.2,3491,air,16,27,68,10,36,914,2,idle,4,1,20,46717,0.77,success,5.0,mig,1018,sku_a,blue,zone_c,baixo
11300,11.36,1.65,460,30.0,71.0,41.0,19400,hybrid,52,68,640,50,93,1640,16,training,768,130,50000,76000000,155.0,success,116.0,temporal_sharing,12000,sku_e,green,zone_b,alto
7820,7.87,2.0,520,26.5,61.0,34.5,14800,hybrid,42,58,500,38,83,1400,8,fine_tuning,256,24,7500,9400000,54.0,aborted,77.0,temporal_sharing,10000,sku_c,yellow,zone_a,alto
9362,9.39,2.32,426,25.8,52.2,26.4,15355,liquid,77,80,562,67,88,1901,16,training,2048,50,16384,80948153,94.54,success,24.0,full_gpu,12000,sku_c,green,zone_a,moderado
5020,5.05,1.7,520,24.5,53.0,28.5,10700,liquid,33,47,350,34,72,1240,4,inference,256,1,2500,2800000,5.1,running,34.0,temporal_sharing,6800,sku_c,white,zone_d,alto
4932,5.0,1.53,518,23.6,53.7,30.1,12629,hybrid,49,76,346,53,74,1525,8,inference,512,1,2858,1365846,2.31,success,18.7,temporal_sharing,6133,sku_a,blue,zone_a,moderado
7840,7.89,2.35,580,28.0,65.0,37.0,18100,air,28,52,535,22,86,1390,8,inference,32,1,350,180000,2.6,failed,86.0,full_gpu,10600,sku_a,red,zone_d,alto
4986,4.97,1.2,187,22.4,47.2,24.8,10759,hybrid,52,72,366,67,75,1628,4,fine_tuning,384,14,7952,17921430,16.55,success,11.9,full_gpu,6345,sku_e,red,zone_b,moderado
3392,3.42,0.83,303,23.4,46.9,23.5,7311,air,58,84,430,83,80,1768,4,fine_tuning,192,11,5203,2662267,5.13,success,9.7,full_gpu,4604,sku_b,red,zone_a,baixo
4549,4.58,1.58,292,23.7,49.0,25.3,11085,hybrid,73,76,354,67,76,1637,4,fine_tuning,256,27,4143,5743856,14.15,success,11.3,full_gpu,5927,sku_d,blue,zone_d,moderado
1695,1.68,0.53,84,21.0,36.3,15.3,3745,air,35,40,135,55,55,1445,2,inference,128,1,773,1512628,2.23,success,5.7,full_gpu,2026,sku_a,yellow,zone_d,baixo
10100,10.04,2.75,690,29.5,70.0,40.5,19700,air,50,68,590,40,90,1550,16,fine_tuning,512,40,20000,30000000,89.0,aborted,107.0,full_gpu,12000,sku_c,blue,zone_a,alto
9947,9.93,1.27,493,25.0,56.5,31.5,17148,hybrid,79,85,530,65,85,1815,16,training,768,50,57990,88768577,101.02,success,30.9,full_gpu,12000,sku_a,green,zone_b,moderado
3752,3.79,0.72,172,22.9,45.6,22.7,9625,hybrid,65,69,354,63,75,1516,4,fine_tuning,384,19,7942,17053204,20.22,success,8.4,full_gpu,4594,sku_a,red,zone_d,moderado
3352,3.4,0.86,520,22.9,49.0,26.1,11107,liquid,44,58,243,73,69,1547,4,inference,256,1,5688,4082712,3.52,success,9.5,mig,4241,sku_e,blue,zone_c,baixo
2635,2.66,0.68,226,20.4,37.6,17.2,5735,air,57,55,323,71,69,1206,2,fine_tuning,64,17,1561,1657589,7.91,success,5.7,full_gpu,3196,sku_a,white,zone_c,baixo
7655,7.69,1.64,583,26.5,52.7,26.2,14341,liquid,57,89,327,63,76,1819,8,fine_tuning,384,15,2827,4411581,21.25,success,22.5,mig,11784,sku_b,yellow,zone_c,moderado
7816,7.84,1.61,341,23.1,47.0,23.9,14087,liquid,62,76,528,68,83,1630,8,training,1536,80,41173,73721972,113.34,running,21.2,full_gpu,10196,sku_b,blue,zone_d,moderado
7652,7.63,1.05,416,25.4,56.4,31.0,14394,liquid,76,75,430,67,80,1725,8,training,768,81,18468,25529561,92.19,success,21.4,full_gpu,9094,sku_a,green,zone_a,moderado
6473,6.53,0.75,361,24.4,51.4,27.0,8797,hybrid,54,67,231,62,63,1401,4,inference,256,1,1393,1325144,2.43,success,11.0,temporal_sharing,8113,sku_b,white,zone_b,baixo
6145,6.14,1.56,477,24.6,52.7,28.1,11165,hybrid,70,63,372,77,78,1729,8,inference,512,1,5045,3462342,4.61,success,18.4,temporal_sharing,7128,sku_b,blue,zone_a,moderado
10850,10.91,3.1,740,30.0,71.5,41.5,20500,air,31,49,610,24,91,1460,16,idle,16,1,80,43000,7.1,running,116.0,full_gpu,12000,sku_d,red,zone_a,alto
1045,1.04,0.46,62,19.2,25.8,6.6,4102,air,10,30,104,8,36,673,4,idle,4,1,111,86128,0.71,success,5.0,temporal_sharing,1287,sku_c,yellow,zone_a,baixo
9020,8.96,1.5,390,27.5,65.0,37.5,14300,hybrid,47,62,550,41,86,1450,16,training,512,95,33000,52000000,116.0,failed,89.0,mig,11200,sku_b,yellow,zone_a,alto
2123,2.09,1.08,646,25.8,59.3,33.5,9526,hybrid,10,38,233,16,53,1115,4,idle,8,1,292,25080,6.62,success,11.0,temporal_sharing,3132,sku_b,yellow,zone_c,moderado
11200,11.15,1.4,360,30.0,70.0,40.0,18200,liquid,51,66,610,48,91,1580,16,training,1536,140,56000,88000000,165.0,success,113.0,full_gpu,12000,sku_b,yellow,zone_d,alto
1014,1.0,0.39,103,19.5,33.1,13.6,2162,hybrid,8,27,81,3,37,644,2,idle,1,1,99,20575,0.23,success,5.0,mig,1381,sku_e,white,zone_b,baixo
5440,5.47,1.8,490,25.0,55.5,30.5,12100,liquid,28,44,390,25,76,1180,8,idle,4,1,75,33000,4.9,success,52.0,full_gpu,7300,sku_e,blue,zone_c,alto
9635,9.51,1.27,522,24.8,57.4,32.6,14059,immersion,80,91,562,79,89,2054,16,training,1024,118,20232,75423819,100.52,success,30.9,full_gpu,11968,sku_b,red,zone_b,baixo
5994,5.94,0.97,519,24.6,53.8,29.2,10826,hybrid,77,74,354,78,76,1722,8,fine_tuning,384,26,4816,15402650,21.43,success,17.9,full_gpu,7235,sku_a,white,zone_a,baixo
5069,5.07,0.72,269,22.7,49.4,26.7,9834,liquid,79,91,629,82,91,1856,4,training,1024,64,62254,51495193,53.6,success,11.5,full_gpu,5619,sku_d,blue,zone_d,baixo
5680,5.73,1.15,300,25.0,55.5,30.5,11800,hybrid,28,44,395,25,76,1180,8,idle,8,1,75,35000,5.4,success,52.0,mig,7600,sku_e,green,zone_c,alto
4379,4.44,0.69,314,23.1,51.5,28.4,8772,hybrid,73,70,369,86,82,1411,8,training,256,20,21514,63731422,77.99,success,12.0,full_gpu,5517,sku_e,blue,zone_c,baixo
7250,7.25,1.47,277,24.3,52.7,28.4,11957,hybrid,64,65,539,61,85,1850,8,fine_tuning,384,21,2490,7437439,13.53,success,20.4,full_gpu,9653,sku_e,green,zone_d,moderado
5900,5.93,1.1,300,25.0,56.5,31.5,11600,hybrid,30,48,405,27,77,1240,8,idle,8,1,75,38000,5.0,success,56.0,full_gpu,7900,sku_a,green,zone_d,alto
1154,1.17,0.4,117,18.7,31.6,12.9,2750,air,16,26,68,11,33,816,1,idle,4,1,9,22945,0.76,success,5.0,mig,1453,sku_b,blue,zone_a,baixo
6696,6.62,0.66,293,23.5,50.2,26.7,11795,liquid,74,81,423,91,79,1963,16,training,1536,67,21268,15438063,24.15,success,19.9,full_gpu,7928,sku_d,yellow,zone_a,baixo
7680,7.63,2.05,470,26.5,61.0,34.5,14500,hybrid,37,56,495,35,82,1390,8,inference,32,1,800,750000,5.8,success,76.0,full_gpu,9900,sku_a,yellow,zone_d,alto
6907,6.82,0.91,390,23.0,53.1,30.1,12839,liquid,83,91,617,91,92,2147,8,training,1024,108,58402,49022046,20.19,success,17.0,full_gpu,8755,sku_b,red,zone_a,baixo
4620,4.66,2.05,625,25.0,54.0,29.0,10900,hybrid,44,58,315,48,70,1320,4,inference,256,1,2500,2800000,5.9,success,34.0,temporal_sharing,6100,sku_a,red,zone_d,alto
5180,5.22,1.28,330,25.0,55.0,30.0,11000,liquid,39,56,375,40,75,1300,4,fine_tuning,256,15,5000,6500000,38.0,running,36.0,temporal_sharing,7000,sku_d,green,zone_a,alto
5690,5.72,1.15,310,25.0,55.5,30.5,11800,liquid,29,45,395,26,76,1200,8,idle,4,1,85,41000,5.2,failed,54.0,full_gpu,7600,sku_a,white,zone_a,alto
6702,6.69,0.79,330,21.4,51.7,30.3,12888,hybrid,82,76,457,88,78,1929,8,training,512,70,40636,44986142,61.53,running,13.3,full_gpu,9130,sku_c,green,zone_c,baixo
9700,9.63,2.5,650,28.0,66.5,38.5,16800,liquid,48,63,560,43,87,1510,16,fine_tuning,384,32,12500,15500000,75.0,failed,95.0,full_gpu,12000,sku_d,yellow,zone_b,alto
7350,7.39,2.1,560,26.5,60.5,34.0,14700,air,34,53,480,33,81,1350,8,inference,128,1,1200,1200000,5.9,failed,74.0,full_gpu,9600,sku_a,white,zone_c,alto
9240,9.31,1.72,587,25.6,59.2,33.6,14878,immersion,71,65,554,73,84,1732,16,training,2048,80,28883,34532332,109.06,success,26.0,full_gpu,12000,sku_e,blue,zone_d,moderado
2062,2.04,0.29,93,21.3,34.0,12.7,4084,air,44,54,238,66,65,1403,2,inference,32,1,883,369721,0.96,success,5.6,temporal_sharing,2322,sku_c,blue,zone_a,baixo
8032,8.13,0.89,328,23.2,57.5,34.3,14728,liquid,87,78,597,84,87,2027,8,training,1024,56,17605,54070855,98.34,success,20.5,full_gpu,10624,sku_c,red,zone_b,baixo
5216,5.25,1.01,480,23.4,54.8,31.4,10959,hybrid,69,61,458,69,81,1603,4,fine_tuning,256,7,14278,12422093,15.05,success,11.0,full_gpu,7060,sku_a,blue,zone_b,moderado
2723,2.69,0.93,394,23.7,55.4,31.7,10637,air,38,66,290,58,66,1492,1,inference,512,1,1440,2168438,0.65,running,7.7,temporal_sharing,3692,sku_d,yellow,zone_b,moderado
5989,6.05,0.76,454,23.7,53.9,30.2,13147,liquid,68,73,347,86,77,1947,8,fine_tuning,768,18,5988,14114343,8.35,success,15.4,full_gpu,6914,sku_e,blue,zone_a,baixo
4769,4.73,0.45,132,23.6,55.5,31.9,8788,immersion,70,70,408,92,77,1975,4,training,1536,78,23850,31719403,71.89,success,12.8,full_gpu,6279,sku_c,white,zone_a,baixo
5631,5.55,0.93,111,24.0,55.8,31.8,10785,immersion,82,85,361,82,81,1676,8,training,256,66,17845,25289269,79.21,success,12.0,full_gpu,6822,sku_e,blue,zone_a,baixo
8220,8.18,1.05,295,27.0,62.5,35.5,13600,liquid,31,52,505,30,84,1340,8,inference,64,1,2200,1900000,6.7,failed,82.0,full_gpu,10400,sku_a,white,zone_c,alto
6554,6.5,1.19,301,23.8,53.6,29.8,10413,hybrid,84,77,424,84,81,1881,8,training,1024,137,29473,27011709,74.03,success,14.7,full_gpu,8435,sku_b,blue,zone_d,baixo
6720,6.77,2.25,575,26.0,59.5,33.5,14200,liquid,52,67,460,46,80,1460,8,fine_tuning,256,25,7000,8800000,52.0,aborted,64.0,full_gpu,8800,sku_d,blue,zone_c,alto
2337,2.35,0.74,318,21.5,44.5,23.0,5060,air,59,62,299,85,79,1421,2,fine_tuning,64,9,2255,4739227,9.22,success,5.3,full_gpu,2890,sku_a,green,zone_d,baixo
4150,4.11,1.05,398,23.7,43.9,20.2,9795,liquid,62,70,346,73,75,1578,4,inference,512,1,3463,1969865,1.65,success,10.4,temporal_sharing,5104,sku_b,yellow,zone_a,baixo
6850,6.8,1.1,285,25.0,57.5,32.5,14650,air,31,52,455,27,80,1285,8,idle,4,1,40,30000,5.6,success,78.0,temporal_sharing,8900,sku_d,blue,zone_b,alto
5430,5.47,1.8,490,25.0,55.5,30.5,12100,liquid,28,44,390,25,76,1180,8,idle,4,1,75,33000,4.9,aborted,52.0,mig,7300,sku_e,blue,zone_c,alto
6159,6.23,1.02,215,23.8,56.2,32.4,13773,hybrid,62,66,382,72,76,1665,4,fine_tuning,128,10,12108,14180424,17.19,success,10.8,temporal_sharing,6898,sku_a,white,zone_c,moderado
5940,5.98,1.95,610,25.5,55.0,29.5,15000,hybrid,17,31,385,15,76,1110,4,idle,4,1,35,12000,3.8,running,43.0,full_gpu,7300,sku_c,red,zone_d,alto
1454,1.44,0.49,193,20.1,39.2,19.1,4851,air,28,57,155,72,58,1143,1,inference,256,1,132,2213647,2.28,success,5.0,full_gpu,1901,sku_b,white,zone_b,baixo
1803,1.81,0.83,314,22.9,43.3,20.4,8334,air,62,62,272,73,66,1388,2,inference,64,1,1992,2348561,4.18,success,6.3,full_gpu,2245,sku_b,yellow,zone_c,moderado
2208,2.24,0.5,134,20.5,36.5,16.0,3201,hybrid,29,55,161,48,56,1185,2,inference,16,1,533,1174952,2.05,success,6.9,temporal_sharing,2759,sku_d,blue,zone_a,baixo
6959,6.96,0.68,199,23.4,48.5,25.1,14093,liquid,79,85,539,82,87,1836,8,training,1024,26,20366,83107850,66.69,success,22.3,full_gpu,8462,sku_a,green,zone_c,moderado
5900,5.86,1.18,320,25.0,56.0,31.0,11700,hybrid,30,48,400,27,77,1240,8,idle,8,1,80,39000,5.1,running,56.0,temporal_sharing,7800,sku_a,green,zone_d,alto
3863,3.88,1.04,496,22.2,48.6,26.4,11028,hybrid,57,66,267,57,70,1576,4,inference,256,1,2256,4405825,4.21,success,11.8,temporal_sharing,4944,sku_b,green,zone_a,baixo
3908,3.95,0.46,271,20.5,40.7,20.2,9313,hybrid,71,68,346,86,79,1737,4,fine_tuning,512,10,1247,1275462,11.61,success,11.1,mig,4864,sku_c,white,zone_c,baixo
5865,5.81,1.32,408,25.0,55.7,30.7,12982,hybrid,59,78,442,69,80,1543,8,fine_tuning,512,21,6050,15879668,19.11,success,13.5,full_gpu,7795,sku_b,green,zone_d,baixo
5350,5.39,2.65,710,25.0,56.0,31.0,13600,hybrid,22,39,375,19,75,1160,4,idle,2,1,35,19000,3.8,running,40.0,temporal_sharing,7000,sku_c,red,zone_c,alto
2472,2.47,0.75,195,20.9,42.6,21.7,7364,hybrid,46,74,381,83,82,1495,2,fine_tuning,64,6,2702,3612450,3.25,running,7.4,full_gpu,3112,sku_d,white,zone_d,baixo
5651,5.63,1.07,349,23.7,55.4,31.7,12884,hybrid,75,83,485,77,85,1948,8,fine_tuning,512,8,8010,12080320,12.61,success,17.5,full_gpu,7504,sku_b,red,zone_b,baixo
3949,3.95,0.91,414,22.8,47.3,24.5,11912,hybrid,70,61,469,69,80,1854,4,fine_tuning,256,31,12585,17256666,14.23,success,10.5,full_gpu,4931,sku_c,yellow,zone_d,moderado
3074,3.13,0.63,261,21.1,38.4,17.3,7159,hybrid,57,72,391,68,75,1753,4,fine_tuning,768,10,14060,12140628,8.06,success,9.9,full_gpu,3988,sku_a,blue,zone_b,moderado
8290,8.22,1.16,382,21.4,52.4,31.0,12171,hybrid,70,67,565,74,84,1676,8,training,512,39,58999,76633043,116.2,success,15.4,temporal_sharing,9280,sku_e,red,zone_a,moderado
5528,5.55,0.88,269,24.5,51.5,27.0,8434,immersion,61,72,444,74,81,1831,4,training,1024,40,18124,62472116,29.62,success,9.8,full_gpu,7055,sku_b,red,zone_b,baixo
5210,5.25,1.45,390,24.0,55.5,31.5,11500,liquid,23,41,380,21,76,1200,4,idle,8,1,70,25000,4.5,failed,40.0,mig,6900,sku_c,green,zone_c,alto
3340,3.29,1.58,198,21.0,53.0,32.0,12675,air,54,75,350,58,70,1438,2,fine_tuning,64,23,1236,11267696,23.87,success,6.9,temporal_sharing,4638,sku_c,blue,zone_c,moderado
5480,5.51,1.7,470,25.0,55.5,30.5,12000,hybrid,28,45,390,26,76,1190,8,idle,8,1,70,32000,4.9,success,52.0,temporal_sharing,7400,sku_e,blue,zone_b,alto
5554,5.51,1.01,381,25.0,55.2,30.2,13047,air,55,69,478,65,80,1516,4,fine_tuning,512,14,12742,6885835,10.55,success,11.8,full_gpu,7036,sku_e,blue,zone_a,moderado
9350,9.4,2.15,610,27.5,65.0,37.5,16000,liquid,41,58,555,36,86,1480,16,inference,64,1,2000,1500000,7.4,failed,91.0,temporal_sharing,11600,sku_c,white,zone_d,alto
2102,2.09,0.36,124,20.2,35.7,15.5,6297,air,46,47,194,79,57,1527,4,inference,64,1,226,1150468,1.88,success,8.0,temporal_sharing,2448,sku_b,green,zone_b,baixo
3448,3.51,0.93,518,24.3,48.9,24.6,10953,liquid,35,60,345,48,67,1377,2,inference,128,1,3388,2288600,5.29,success,8.6,temporal_sharing,3942,sku_c,blue,zone_c,moderado
3994,4.02,1.04,427,22.8,43.7,20.9,8112,air,44,64,315,57,73,1646,4,inference,512,1,2507,4230608,1.97,success,10.8,full_gpu,4960,sku_c,green,zone_c,baixo
8080,8.13,1.9,500,27.0,62.0,35.0,14400,air,42,59,505,38,84,1390,8,inference,128,1,1300,1200000,5.5,success,80.0,mig,10400,sku_c,red,zone_a,alto
2481,2.46,0.56,173,21.6,43.4,21.8,8193,hybrid,75,58,236,80,66,1799,4,fine_tuning,256,7,1784,2292633,13.06,success,7.3,temporal_sharing,3414,sku_a,white,zone_c,baixo
3386,3.4,1.03,513,23.9,48.1,24.2,10908,liquid,63,64,254,71,69,1638,4,inference,128,1,4149,1371269,5.11,success,13.7,temporal_sharing,4229,sku_e,white,zone_b,moderado
7520,7.56,1.95,540,26.0,60.0,34.0,14600,liquid,41,58,490,38,82,1380,8,fine_tuning,256,25,7600,9600000,55.0,running,75.0,temporal_sharing,9600,sku_c,red,zone_d,alto
8620,8.68,3.05,745,29.0,67.5,38.5,18600,hybrid,45,61,545,37,88,1470,8,fine_tuning,512,35,12000,17000000,72.0,failed,82.0,full_gpu,10800,sku_d,red,zone_c,alto
8479,8.42,1.81,393,26.8,56.0,29.2,13994,liquid,66,77,529,69,87,1689,16,training,256,103,41556,43187422,89.76,success,32.7,full_gpu,12000,sku_b,green,zone_b,moderado
5505,5.49,0.72,288,24.0,56.1,32.1,11587,liquid,69,81,512,73,87,1898,4,fine_tuning,512,18,13842,4221672,15.37,success,10.7,full_gpu,6881,sku_b,blue,zone_d,baixo
7581,7.67,0.45,141,23.1,48.1,25.0,12102,immersion,80,86,535,83,89,1966,8,training,1024,61,16261,69141683,53.44,success,15.0,full_gpu,9704,sku_b,red,zone_c,baixo
2836,2.78,0.78,328,22.4,42.3,19.9,8946,air,41,55,275,53,67,1251,2,inference,256,1,3044,4926745,3.85,success,5.5,temporal_sharing,3562,sku_a,white,zone_a,moderado
5760,5.8,1.2,320,25.0,56.0,31.0,11500,liquid,31,49,400,28,77,1230,8,idle,4,1,90,44000,5.3,running,55.0,full_gpu,7800,sku_a,white,zone_a,alto
11050,11.11,2.85,790,30.0,72.0,42.0,21100,air,53,67,640,47,94,1650,16,training,768,125,52000,83000000,160.0,failed,117.0,full_gpu,12000,sku_b,green,zone_c,alto
5520,5.57,2.05,610,25.5,56.5,31.0,13800,air,20,37,390,19,75,1160,4,idle,2,1,30,17000,3.9,failed,42.0,temporal_sharing,7300,sku_c,green,zone_d,alto
3885,3.83,0.7,261,20.9,47.9,27.0,9578,liquid,62,74,348,79,74,1680,4,fine_tuning,256,7,840,1761069,3.06,success,8.4,full_gpu,5132,sku_d,green,zone_a,baixo
4736,4.78,1.2,300,24.0,53.9,29.9,9863,hybrid,69,69,387,58,77,1609,4,fine_tuning,512,13,14674,15362840,29.54,success,10.9,full_gpu,5909,sku_d,red,zone_d,moderado
1031,1.03,0.69,416,19.5,33.7,14.2,7163,air,24,22,129,9,38,1124,2,idle,4,1,110,43396,0.23,success,5.0,none,1391,sku_c,green,zone_a,baixo
6367,6.39,0.62,263,23.5,52.0,28.5,9666,liquid,83,83,403,78,79,1853,8,training,1024,80,16680,31126886,42.33,success,16.0,full_gpu,7939,sku_b,white,zone_a,baixo
914,0.93,0.52,237,20.1,26.9,6.8,3461,air,20,22,105,8,39,696,1,idle,1,1,105,77109,0.3,success,5.0,none,1256,sku_d,red,zone_b,baixo
6730,6.79,1.25,330,25.5,57.0,31.5,13900,hybrid,34,55,455,28,79,1305,8,inference,64,1,700,650000,6.0,success,66.0,full_gpu,8900,sku_e,red,zone_a,alto
2770,2.75,1.08,379,22.7,43.7,21.0,8525,hybrid,51,62,297,48,65,1396,4,inference,128,1,3059,4919561,1.12,success,9.2,full_gpu,3767,sku_e,white,zone_a,moderado
4137,4.15,1.11,318,22.3,51.2,28.9,11751,hybrid,47,63,295,51,71,1451,4,inference,128,1,5901,2084455,1.47,success,9.6,temporal_sharing,4930,sku_b,white,zone_a,baixo
2834,2.91,0.81,170,21.8,49.8,28.0,8902,hybrid,51,83,326,78,75,1691,4,fine_tuning,64,14,8689,8771591,13.81,success,9.1,full_gpu,3678,sku_c,yellow,zone_d,moderado
9900,9.94,1.22,310,28.0,67.0,39.0,15200,air,49,64,575,44,88,1505,16,fine_tuning,512,42,15000,22000000,92.0,failed,102.0,mig,12000,sku_c,blue,zone_c,alto
3437,3.46,1.01,258,24.0,47.7,23.7,8628,air,53,81,316,63,73,1574,8,inference,512,1,1536,1310707,1.18,success,16.8,full_gpu,4469,sku_c,blue,zone_a,baixo
3319,3.34,0.83,373,22.9,45.8,22.9,11423,hybrid,47,67,287,73,68,1484,4,inference,128,1,3907,2810910,2.13,success,11.2,temporal_sharing,3903,sku_b,white,zone_d,baixo
9060,9.11,1.33,390,28.0,66.0,38.0,15300,air,36,56,530,34,85,1395,16,inference,64,1,900,700000,4.8,failed,96.0,mig,11500,sku_d,white,zone_b,alto
6572,6.61,0.97,310,23.4,46.3,22.9,12011,liquid,73,70,524,69,85,1804,8,fine_tuning,256,20,3571,12398012,21.47,success,16.2,mig,7771,sku_c,white,zone_c,moderado
2756,2.68,1.37,511,24.2,51.2,27.0,10492,hybrid,37,55,334,49,68,1358,2,inference,512,1,5416,2053444,3.57,success,7.7,temporal_sharing,3935,sku_a,blue,zone_a,moderado
7513,7.45,1.61,389,26.0,61.9,35.9,13249,liquid,64,80,511,68,85,1694,8,training,1024,129,19638,18156801,104.75,aborted,22.7,full_gpu,9683,sku_b,blue,zone_d,moderado
7054,7.13,0.77,250,24.7,51.2,26.5,12686,immersion,71,89,503,89,84,1904,16,training,1024,84,54316,95007767,70.81,success,27.7,full_gpu,8610,sku_e,blue,zone_a,baixo
2885,2.8,0.93,506,25.2,48.8,23.6,9856,air,46,66,188,59,63,1421,4,inference,64,1,1170,4023330,2.54,success,13.8,temporal_sharing,3994,sku_c,blue,zone_a,moderado
5071,5.12,0.9,455,25.0,51.8,26.8,13182,air,55,86,355,71,77,1802,4,fine_tuning,384,19,4778,11987855,24.26,success,12.2,full_gpu,5999,sku_e,green,zone_b,baixo
1155,1.15,0.92,334,20.5,31.2,10.7,6339,air,17,18,98,25,35,1147,1,idle,1,1,8,29080,0.33,success,5.0,mig,1400,sku_c,white,zone_d,baixo
8998,8.96,2.19,610,26.9,60.1,33.2,16018,liquid,60,70,530,51,86,1749,16,training,2048,79,12461,44653624,52.06,running,27.0,full_gpu,12000,sku_b,red,zone_b,moderado
1718,1.77,0.75,300,23.7,51.9,28.2,8045,air,31,43,269,34,61,1271,2,idle,16,1,151,57837,0.73,success,6.2,temporal_sharing,2603,sku_e,red,zone_a,moderado
2107,2.1,0.62,158,21.6,36.8,15.2,4244,air,36,42,152,67,57,1575,2,inference,16,1,303,697798,0.35,success,6.3,full_gpu,2385,sku_d,green,zone_a,baixo
3271,3.27,0.72,467,21.9,44.1,22.2,10894,liquid,48,63,255,59,70,1388,4,inference,512,1,5651,3954199,2.31,success,12.3,full_gpu,4325,sku_c,white,zone_a,baixo
4023,4.06,0.81,371,23.0,48.3,25.3,8547,liquid,49,59,226,56,63,1441,4,inference,128,1,1948,2063296,2.22,success,11.2,temporal_sharing,5199,sku_e,yellow,zone_a,baixo
4771,4.7,0.94,412,23.9,49.2,25.3,9673,liquid,54,73,343,75,72,1632,4,fine_tuning,384,11,8263,10070039,27.84,success,11.0,full_gpu,5503,sku_c,green,zone_c,moderado
3772,3.82,1.24,484,23.3,49.1,25.8,12292,air,42,60,362,48,72,1222,4,inference,256,1,5806,2538410,1.17,success,13.3,temporal_sharing,5440,sku_b,green,zone_c,moderado
5334,5.29,0.84,244,21.9,46.6,24.7,8398,hybrid,77,72,360,83,75,1899,8,training,512,78,29088,33926031,41.02,success,12.9,full_gpu,7030,sku_a,green,zone_b,baixo
11168,11.12,1.84,617,26.3,57.0,30.7,17268,hybrid,72,78,586,68,88,1910,16,training,512,79,61850,73628261,86.26,success,31.6,full_gpu,12000,sku_a,white,zone_a,moderado
1857,1.84,0.94,461,22.1,48.1,26.0,6773,air,49,52,203,55,58,1385,2,inference,128,1,1779,3371908,0.84,success,8.6,mig,2266,sku_b,green,zone_b,moderado
9270,9.26,1.87,354,25.3,54.2,28.9,15094,hybrid,61,83,521,57,84,1822,16,training,768,114,60118,89818118,53.89,running,26.7,full_gpu,12000,sku_d,white,zone_c,moderado
3012,3.04,0.95,418,22.8,47.7,24.9,10474,air,45,54,249,52,64,1569,4,inference,128,1,1401,4512860,2.8,success,10.4,temporal_sharing,3740,sku_e,yellow,zone_c,baixo
4727,4.68,0.95,338,23.4,52.5,29.1,12147,liquid,61,75,373,85,75,1545,4,fine_tuning,384,15,7916,11572585,28.2,success,9.9,full_gpu,5760,sku_d,green,zone_a,baixo
3132,3.09,0.74,441,21.6,49.3,27.7,10244,hybrid,54,63,396,77,76,1800,4,fine_tuning,384,33,14333,11314315,19.73,success,11.3,mig,3515,sku_d,green,zone_c,moderado
3098,3.09,1.39,576,25.2,54.1,28.9,9182,hybrid,35,68,254,42,63,1223,2,inference,128,1,2062,3386584,2.29,success,8.4,mig,4079,sku_c,white,zone_a,moderado
11350,11.42,2.95,810,30.5,73.0,42.5,21200,air,54,69,650,47,94,1640,16,training,768,120,48000,76000000,140.0,aborted,118.0,full_gpu,12000,sku_d,blue,zone_d,alto
11100,11.05,2.7,740,30.0,72.0,42.0,20500,air,53,68,640,46,93,1620,16,training,768,120,48000,74000000,145.0,failed,116.0,full_gpu,12000,sku_d,white,zone_a,alto
9443,9.37,1.7,332,27.0,58.9,31.9,16151,hybrid,50,66,648,52,90,1852,16,training,256,133,45822,87641865,91.55,success,24.2,full_gpu,12000,sku_e,white,zone_c,moderado
2910,2.95,0.54,312,20.8,46.2,25.4,7462,liquid,60,79,308,65,75,1587,2,fine_tuning,256,16,1419,7954060,6.07,success,6.9,temporal_sharing,3623,sku_a,red,zone_a,baixo
2407,2.38,0.7,152,21.1,40.0,18.9,7578,hybrid,38,42,211,61,61,1286,4,inference,128,1,484,1779522,1.96,success,8.0,mig,3319,sku_e,green,zone_c,baixo
4091,4.11,0.84,91,22.4,49.2,26.8,9417,air,71,81,477,72,83,1556,4,fine_tuning,64,13,5810,4628150,5.05,success,8.4,temporal_sharing,5167,sku_d,red,zone_a,baixo
7420,7.48,1.52,520,27.0,61.0,34.0,16700,air,35,48,470,29,83,1330,8,inference,64,1,900,800000,5.2,success,80.0,temporal_sharing,9400,sku_b,green,zone_b,alto
11400,11.46,2.7,730,30.5,72.5,42.0,20600,air,56,72,650,49,94,1640,16,training,1024,115,47000,74000000,135.0,aborted,118.0,full_gpu,12000,sku_d,yellow,zone_a,alto
4099,4.17,1.54,184,25.1,58.6,33.5,10989,air,46,55,336,54,74,1363,4,inference,256,1,2691,1548985,5.09,success,13.3,mig,4934,sku_c,red,zone_b,moderado
5700,5.72,1.03,444,22.6,49.6,27.0,12991,hybrid,68,69,386,78,78,1549,4,fine_tuning,512,11,7835,13680625,11.42,success,10.2,full_gpu,6885,sku_c,red,zone_c,baixo
3087,3.05,1.01,263,21.2,44.1,22.9,9064,hybrid,45,67,381,43,72,1315,4,inference,512,1,1768,4453601,4.15,success,12.3,temporal_sharing,3939,sku_b,red,zone_c,moderado
8986,9.11,0.95,419,22.2,54.3,32.1,13310,liquid,86,85,645,90,91,1946,16,training,512,60,36258,76233447,82.41,success,28.9,full_gpu,11416,sku_c,yellow,zone_b,baixo
10184,10.14,2.26,373,23.2,58.4,35.2,16922,hybrid,67,73,592,65,91,1888,16,training,1536,38,50619,35498720,105.54,success,28.4,full_gpu,12000,sku_c,red,zone_a,moderado
3245,3.18,0.69,306,24.3,52.1,27.8,8999,liquid,72,80,393,66,75,1759,4,fine_tuning,256,15,14644,4841709,12.13,success,10.4,full_gpu,4458,sku_b,green,zone_d,moderado
5680,5.72,1.15,310,25.0,55.5,30.5,11800,liquid,29,45,395,26,76,1200,8,idle,4,1,85,41000,5.2,failed,54.0,full_gpu,7600,sku_a,white,zone_a,alto
7375,7.34,1.97,435,26.0,56.6,30.6,14359,hybrid,57,56,479,51,81,1723,8,training,256,88,23628,33933400,18.85,failed,19.7,temporal_sharing,9742,sku_a,blue,zone_d,moderado
7680,7.75,1.58,310,26.5,60.0,33.5,13300,hybrid,34,53,500,31,83,1390,8,inference,128,1,2100,1800000,6.0,success,74.0,temporal_sharing,9900,sku_e,blue,zone_d,alto
8240,8.29,2.05,535,27.0,63.0,36.0,15200,immersion,57,70,520,50,85,1580,8,training,512,80,19000,36000000,115.0,running,78.0,full_gpu,10200,sku_b,white,zone_a,alto
6460,6.52,2.6,700,25.5,57.0,31.5,14000,hybrid,23,38,420,20,78,1190,8,idle,4,1,60,28000,4.3,running,62.0,temporal_sharing,8400,sku_e,green,zone_a,alto
3618,3.63,0.56,156,20.3,47.3,27.0,7285,hybrid,70,58,420,62,76,1821,4,fine_tuning,512,17,4025,7576021,11.43,success,9.8,full_gpu,4581,sku_d,yellow,zone_b,baixo
10134,10.17,0.72,344,24.5,50.7,26.2,11562,hybrid,78,85,542,79,90,2036,16,training,1024,109,29905,84783422,62.83,success,28.1,full_gpu,12000,sku_c,red,zone_a,baixo
3903,3.85,1.03,314,23.9,52.1,28.2,9963,air,58,64,335,69,71,1536,4,fine_tuning,512,16,14343,4117528,21.69,success,8.6,temporal_sharing,5360,sku_b,red,zone_b,moderado
9540,9.6,2.25,625,28.5,66.5,38.0,16600,air,46,59,550,41,87,1460,16,fine_tuning,384,28,9000,13000000,70.0,aborted,96.0,temporal_sharing,11800,sku_c,yellow,zone_a,alto
9980,10.02,1.68,405,29.5,69.0,39.5,18850,hybrid,47,62,575,45,88,1575,16,training,512,96,18000,41000000,118.0,aborted,103.0,temporal_sharing,12000,sku_c,blue,zone_a,alto
7183,7.22,0.76,454,22.5,53.4,30.9,12625,liquid,65,80,628,91,92,2106,8,training,1536,129,17282,39526852,62.38,success,17.0,full_gpu,9272,sku_c,yellow,zone_b,baixo
1199,1.25,1.01,577,24.4,58.0,33.6,7422,air,12,53,106,28,45,1056,2,idle,4,1,134,24305,2.28,success,8.1,none,1817,sku_d,green,zone_c,moderado
5403,5.47,0.52,187,23.9,53.6,29.7,11292,hybrid,62,83,434,92,77,1748,8,training,768,93,7704,60253701,46.43,success,12.1,full_gpu,6921,sku_d,red,zone_d,baixo
2064,2.04,0.54,99,20.3,35.8,15.5,3979,air,49,54,149,55,55,1235,2,inference,64,1,1464,732811,1.55,success,5.5,temporal_sharing,2679,sku_e,yellow,zone_a,baixo
7780,7.75,1.16,543,23.0,56.1,33.1,11627,liquid,74,76,636,80,91,1803,8,training,768,97,38691,97744348,63.02,success,18.0,full_gpu,10659,sku_b,yellow,zone_c,baixo
10471,10.4,2.04,543,25.5,58.2,32.7,15989,immersion,70,80,561,64,87,1818,16,training,2048,64,32165,25132135,88.58,success,26.9,full_gpu,12000,sku_d,green,zone_d,moderado
1930,1.92,0.75,249,22.2,40.0,17.8,4966,hybrid,46,47,155,67,60,1639,2,inference,256,1,600,526483,2.37,success,7.2,mig,2316,sku_d,white,zone_b,baixo
11800,11.66,0.79,546,24.1,56.5,32.4,13423,hybrid,83,89,573,89,90,1996,16,training,1536,48,59135,58139602,53.03,success,30.1,full_gpu,12000,sku_d,yellow,zone_c,baixo
7618,7.69,0.97,292,21.6,48.3,26.7,13014,hybrid,78,79,457,89,75,1967,8,training,512,41,31608,79469351,48.61,success,15.9,full_gpu,9076,sku_e,green,zone_d,baixo
2946,2.88,0.66,180,23.2,43.6,20.4,6102,hybrid,41,52,305,47,64,1262,2,inference,16,1,1867,807710,3.01,success,9.7,temporal_sharing,3754,sku_b,yellow,zone_d,moderado
8350,8.42,1.21,258,25.0,56.6,31.6,11606,hybrid,80,87,588,86,92,1867,16,training,1024,93,67766,31014126,108.13,success,22.2,full_gpu,9852,sku_a,blue,zone_b,baixo
4760,4.81,1.3,350,24.0,54.5,30.5,11200,hybrid,35,51,340,37,72,1260,4,inference,128,1,1800,1700000,4.6,success,33.0,temporal_sharing,6500,sku_e,yellow,zone_b,alto
1190,1.16,1.07,634,23.7,54.4,30.7,9220,air,33,43,150,27,49,904,2,idle,1,1,426,56964,1.98,success,7.4,temporal_sharing,1817,sku_b,blue,zone_d,moderado
7978,7.94,1.35,457,23.4,50.9,27.5,11397,immersion,80,87,538,81,87,1966,8,training,512,98,45301,79543198,66.37,success,20.9,full_gpu,10947,sku_c,blue,zone_a,baixo
5867,5.82,0.55,152,23.5,49.6,26.1,10218,immersion,82,67,537,74,83,1708,8,training,768,81,15424,70977947,34.4,success,18.8,full_gpu,7118,sku_a,green,zone_d,moderado
8200,8.15,1.95,510,27.0,62.0,35.0,14200,immersion,40,57,510,38,84,1420,16,inference,128,1,1600,1400000,6.2,failed,83.0,temporal_sharing,10400,sku_d,red,zone_b,alto
7280,7.21,1.05,275,26.5,59.0,32.5,13200,liquid,32,50,475,33,81,1350,8,training,1024,110,28000,46000000,130.0,aborted,72.0,temporal_sharing,9300,sku_e,white,zone_a,alto
4900,4.93,1.88,590,25.0,56.0,31.0,12800,hybrid,30,46,360,26,72,1190,4,inference,128,1,1800,1200000,4.9,running,36.0,temporal_sharing,6800,sku_a,yellow,zone_a,alto
6088,6.14,0.87,519,24.6,52.2,27.6,10779,hybrid,58,81,497,80,84,1626,4,fine_tuning,512,18,7607,12096396,20.17,success,13.8,full_gpu,8294,sku_b,red,zone_b,baixo
1789,1.78,0.71,201,18.7,30.4,11.7,6723,air,49,70,157,62,58,1358,4,inference,256,1,1584,1882222,0.56,running,7.6,temporal_sharing,2103,sku_d,red,zone_c,baixo
1080,1.09,0.41,191,21.7,33.8,12.1,2588,hybrid,6,33,97,7,36,972,4,idle,1,1,100,23806,0.3,success,5.0,temporal_sharing,1277,sku_b,blue,zone_d,baixo
2817,2.85,0.47,350,22.1,47.7,25.6,8288,liquid,43,70,276,70,66,1646,2,inference,16,1,1355,4369810,3.85,success,6.7,temporal_sharing,3586,sku_b,yellow,zone_b,moderado
6692,6.74,1.21,502,24.1,56.1,32.0,12729,hybrid,75,73,487,78,82,1766,8,fine_tuning,384,24,5582,17954568,22.33,success,16.1,full_gpu,8090,sku_c,blue,zone_d,baixo
9430,9.53,0.8,330,24.2,49.1,24.9,11361,liquid,84,80,551,92,85,1989,16,training,256,99,30817,75725465,70.27,success,28.1,full_gpu,11267,sku_d,white,zone_a,baixo
9340,9.38,2.15,610,28.0,66.5,38.5,16500,liquid,46,61,560,41,87,1500,16,fine_tuning,384,30,11000,14000000,74.0,failed,94.0,full_gpu,11800,sku_b,blue,zone_c,alto
1629,1.63,0.43,189,21.3,33.2,11.9,6513,air,56,64,127,66,58,1096,2,inference,128,1,1127,2461044,1.76,success,7.1,mig,2063,sku_b,blue,zone_a,baixo
8800,8.77,2.35,515,27.0,64.0,37.0,14800,hybrid,61,76,500,55,84,1600,8,training,1024,95,36000,60000000,110.0,failed,81.0,temporal_sharing,10400,sku_e,white,zone_d,alto
11800,11.83,0.92,362,24.0,57.1,33.1,15305,immersion,82,80,608,88,92,1908,16,training,1536,69,64596,82213648,86.14,success,26.0,full_gpu,12000,sku_c,red,zone_a,baixo
3787,3.78,1.49,376,23.0,54.7,31.7,10687,hybrid,48,61,266,39,66,1232,4,inference,128,1,2505,1960423,1.38,success,12.8,temporal_sharing,4386,sku_c,red,zone_a,moderado
6840,6.91,1.12,300,26.0,58.5,32.5,14600,liquid,29,43,445,24,80,1260,8,idle,8,1,65,30000,5.8,failed,67.0,mig,8700,sku_d,yellow,zone_a,alto
10300,10.36,2.2,500,29.0,68.5,39.5,20200,air,41,60,600,30,91,1500,16,inference,128,1,1200,1600000,7.5,failed,108.0,full_gpu,12000,sku_b,blue,zone_d,alto
841,0.85,0.62,138,18.8,30.1,11.3,2319,air,15,19,74,6,33,1049,2,idle,8,1,107,87763,0.6,success,5.0,none,1035,sku_c,blue,zone_b,baixo
7402,7.46,0.59,196,21.5,47.3,25.8,9691,liquid,73,70,573,73,85,2049,8,training,2048,33,35763,74590151,27.95,success,19.6,full_gpu,10138,sku_e,green,zone_c,baixo
3588,3.63,0.74,362,22.0,46.6,24.6,8071,hybrid,56,55,346,73,71,1692,4,inference,128,1,2749,2366166,0.38,success,9.1,temporal_sharing,4635,sku_e,white,zone_c,moderado
5250,5.22,0.55,331,21.4,43.2,21.8,8338,liquid,60,60,304,72,74,1510,8,inference,16,1,4389,4047856,5.22,success,15.1,temporal_sharing,5949,sku_e,white,zone_b,moderado
5543,5.54,1.51,359,23.2,51.9,28.7,13814,hybrid,47,81,407,52,78,1547,8,fine_tuning,256,23,6811,11038542,24.57,success,17.3,full_gpu,6960,sku_b,yellow,zone_c,moderado
7450,7.42,2.2,590,26.5,61.0,34.5,14900,air,41,59,480,36,82,1370,8,fine_tuning,256,26,7800,9600000,58.0,failed,75.0,mig,9600,sku_d,white,zone_d,alto
5652,5.7,1.16,482,24.5,55.7,31.2,13370,liquid,72,78,349,73,78,1834,8,fine_tuning,384,23,12363,9726198,26.51,success,17.5,temporal_sharing,7453,sku_b,white,zone_b,baixo
4914,4.98,1.22,346,23.1,45.6,22.5,10913,hybrid,69,64,490,75,83,1888,4,fine_tuning,768,17,7657,13536688,8.56,success,13.2,temporal_sharing,6007,sku_b,yellow,zone_b,baixo
7320,7.24,2.0,373,26.9,55.0,28.1,15249,hybrid,56,83,387,71,79,1771,8,fine_tuning,768,7,3585,4238950,31.13,success,17.0,full_gpu,10014,sku_e,white,zone_b,moderado
4198,4.18,0.97,397,24.8,48.0,23.2,8536,hybrid,49,73,358,60,75,1716,4,inference,128,1,3463,2353586,4.17,success,10.5,mig,5003,sku_a,white,zone_d,baixo
2522,2.52,0.6,170,21.7,43.9,22.2,6822,hybrid,71,65,253,78,74,1536,4,fine_tuning,64,3,3643,6170254,13.94,success,9.1,temporal_sharing,3315,sku_a,red,zone_c,baixo
9041,9.0,0.88,179,22.9,50.2,27.3,10675,liquid,80,70,558,73,85,1725,16,training,768,22,49192,23459271,49.95,success,21.3,full_gpu,10538,sku_c,green,zone_b,baixo
5901,5.86,0.97,266,24.5,55.5,31.0,13938,hybrid,62,70,460,76,82,1899,8,fine_tuning,384,17,4941,10989239,21.64,success,17.4,full_gpu,7323,sku_b,blue,zone_b,baixo
4900,4.95,1.45,390,24.5,54.0,29.5,10800,air,34,49,350,33,72,1260,4,inference,256,1,2300,2600000,4.4,success,35.0,temporal_sharing,6700,sku_e,white,zone_a,alto
3175,3.17,0.64,247,21.3,42.6,21.3,7488,air,67,64,361,78,76,1454,4,fine_tuning,384,7,1045,4422820,9.79,success,8.1,full_gpu,3818,sku_b,yellow,zone_a,baixo
10448,10.33,0.94,501,23.7,57.0,33.3,13635,liquid,70,77,501,81,84,1739,16,training,2048,110,41972,31906215,50.68,success,30.9,full_gpu,12000,sku_e,yellow,zone_a,baixo
10539,10.4,1.18,513,23.6,56.1,32.5,14890,hybrid,68,87,484,81,82,1754,16,training,768,51,29878,37911496,41.18,success,28.3,full_gpu,12000,sku_b,white,zone_c,baixo
5200,5.12,0.87,354,23.0,54.0,31.0,12339,hybrid,65,80,331,73,75,1543,4,fine_tuning,256,11,11142,3596378,15.12,running,11.8,full_gpu,6996,sku_c,red,zone_b,moderado
7980,8.03,2.2,570,26.0,61.5,35.5,16450,liquid,47,64,505,45,83,1480,8,fine_tuning,384,22,6500,9200000,48.0,success,76.0,full_gpu,10000,sku_e,green,zone_c,alto
1237,1.23,0.58,116,21.8,29.4,7.6,2519,air,17,34,75,8,37,1099,2,idle,2,1,117,34716,0.17,success,5.0,temporal_sharing,1501,sku_e,green,zone_d,baixo
4409,4.39,0.94,212,24.4,53.3,28.9,9991,hybrid,69,82,435,57,80,1759,4,fine_tuning,512,17,3663,14022124,34.06,success,11.6,full_gpu,5411,sku_d,red,zone_b,moderado
4420,4.38,0.89,129,22.8,44.9,22.1,5842,hybrid,73,77,377,81,77,1386,8,training,768,30,22449,49481753,28.06,success,12.6,full_gpu,5438,sku_a,blue,zone_c,baixo
6149,6.19,0.48,166,20.0,45.6,25.6,7955,liquid,70,71,496,82,87,1905,8,training,512,38,42007,66315256,33.79,success,13.3,full_gpu,8118,sku_b,red,zone_b,baixo
4968,4.94,0.98,520,22.3,50.8,28.5,12409,immersion,75,72,419,86,79,1725,8,fine_tuning,384,23,7055,15251415,8.22,success,14.6,full_gpu,6767,sku_d,green,zone_d,baixo
5030,5.09,1.42,370,24.5,54.0,29.5,10900,hybrid,35,50,355,33,72,1260,4,inference,256,1,2500,2800000,4.5,success,34.0,temporal_sharing,6800,sku_e,yellow,zone_b,alto
9180,9.23,2.35,620,28.0,66.0,38.0,16800,hybrid,47,62,560,42,87,1500,16,fine_tuning,384,36,13000,17000000,80.0,failed,92.0,full_gpu,11600,sku_a,blue,zone_b,alto
6786,6.74,1.36,348,24.3,55.5,31.2,12033,hybrid,47,82,477,44,82,1545,8,fine_tuning,768,35,5706,9974888,33.44,success,16.7,full_gpu,9835,sku_b,red,zone_d,moderado
4685,4.75,1.05,376,25.2,54.4,29.2,11888,air,61,71,365,66,77,1492,4,fine_tuning,512,13,14547,7586211,21.65,success,10.1,full_gpu,6171,sku_a,yellow,zone_d,moderado
9340,9.29,2.3,620,28.0,66.5,38.5,16600,hybrid,46,64,560,41,87,1510,16,fine_tuning,512,38,12000,15000000,74.0,failed,94.0,full_gpu,11600,sku_b,red,zone_d,alto
3532,3.47,0.97,236,22.0,42.5,20.5,9250,air,61,53,379,54,73,1306,4,inference,32,1,3561,4887697,3.46,success,12.0,mig,4236,sku_b,blue,zone_c,moderado
10400,10.46,2.9,780,29.5,70.5,41.0,20400,air,57,70,620,46,92,1600,16,training,1024,95,39000,60000000,120.0,failed,111.0,full_gpu,12000,sku_e,red,zone_d,alto
3448,3.4,0.74,341,23.2,47.0,23.8,12800,air,51,52,355,60,71,1538,4,inference,128,1,1519,3028047,3.35,success,10.2,full_gpu,4590,sku_d,blue,zone_a,baixo
3148,3.17,1.58,338,24.5,49.6,25.1,11093,hybrid,57,54,257,38,67,1253,4,inference,64,1,2634,2459828,1.63,success,11.2,full_gpu,4209,sku_a,blue,zone_a,moderado
5139,5.17,1.66,500,25.6,61.2,35.6,13135,liquid,55,64,480,43,82,1530,4,fine_tuning,256,12,6198,8416485,22.75,success,12.1,full_gpu,7383,sku_a,blue,zone_b,moderado
1615,1.61,0.61,113,21.6,34.1,12.5,7006,air,46,45,114,64,56,1356,1,inference,16,1,127,685544,2.19,success,5.0,temporal_sharing,2049,sku_e,yellow,zone_c,baixo
1488,1.48,0.46,219,21.3,30.9,9.6,4285,hybrid,37,64,135,53,55,1427,2,inference,256,1,621,250301,1.65,success,5.6,full_gpu,1722,sku_e,red,zone_d,baixo
6680,6.75,2.05,565,25.5,58.5,33.0,14500,liquid,38,54,455,35,80,1340,8,fine_tuning,384,22,7000,9000000,50.0,failed,64.0,full_gpu,8500,sku_e,white,zone_d,alto
2156,2.17,0.98,331,21.6,50.1,28.5,8052,hybrid,45,59,265,52,63,1399,1,inference,128,1,4045,620275,5.31,success,5.7,mig,2589,sku_a,yellow,zone_d,moderado
8920,8.88,1.55,400,27.5,65.0,37.5,14400,hybrid,47,62,545,41,86,1450,16,training,512,90,32000,52000000,118.0,aborted,88.0,full_gpu,11200,sku_b,yellow,zone_a,alto
8306,8.3,1.28,340,22.0,47.6,25.6,14018,immersion,68,79,535,65,88,1785,16,training,256,43,33858,55585304,93.33,success,26.4,full_gpu,10188,sku_e,white,zone_b,moderado
9641,9.61,2.15,492,27.0,61.4,34.4,16402,liquid,63,83,541,66,85,1782,16,training,768,31,37858,76297428,80.45,success,32.7,full_gpu,12000,sku_d,red,zone_d,moderado
8297,8.23,0.57,334,24.1,51.3,27.2,8976,liquid,68,72,516,86,84,1884,16,training,512,47,20266,74992319,94.97,success,20.8,full_gpu,10989,sku_a,blue,zone_c,baixo
9409,9.46,1.55,430,27.0,64.0,37.0,17650,air,36,58,540,27,86,1510,16,idle,8,1,120,58000,6.4,running,98.0,full_gpu,11800,sku_c,blue,zone_d,alto
8828,8.82,1.57,583,25.0,54.7,29.7,16844,hybrid,62,78,554,70,90,1894,16,training,512,84,29440,18631963,59.27,success,29.0,full_gpu,12000,sku_b,green,zone_b,moderado
696,0.7,0.58,95,19.4,27.8,8.4,3512,air,5,14,59,2,33,845,1,idle,2,1,58,25431,0.76,success,5.0,mig,806,sku_e,yellow,zone_a,baixo
5005,4.96,0.95,201,23.5,44.9,21.4,8313,air,75,82,279,71,72,1530,4,fine_tuning,384,32,8239,10654573,16.35,running,13.8,full_gpu,6810,sku_e,green,zone_a,moderado
9211,9.17,1.42,472,23.5,55.2,31.7,14721,hybrid,81,78,522,64,85,1763,16,training,768,61,57289,55726817,44.41,success,24.2,full_gpu,12000,sku_b,green,zone_b,moderado
7480,7.55,2.05,560,26.0,60.5,34.5,14900,liquid,41,58,485,37,82,1370,8,fine_tuning,384,26,7800,9700000,55.0,success,74.0,mig,9600,sku_c,red,zone_d,alto
789,0.78,0.64,237,21.0,29.3,8.3,2177,air,8,32,72,14,36,925,1,idle,1,1,23,16863,0.54,success,5.0,none,1083,sku_b,white,zone_d,baixo
3943,3.96,1.74,524,25.8,57.7,31.9,15180,air,39,68,383,50,73,1500,4,inference,64,1,2636,1695921,0.75,success,15.6,temporal_sharing,6418,sku_c,green,zone_c,moderado
5186,5.15,1.01,190,22.6,43.9,21.3,9786,hybrid,59,56,443,50,77,1468,8,inference,512,1,3170,2326811,3.03,success,15.9,full_gpu,5775,sku_e,blue,zone_a,moderado
9554,9.56,2.16,545,27.0,61.1,34.1,16285,hybrid,60,88,481,59,81,1782,16,training,256,113,44028,86107856,99.1,success,31.0,full_gpu,12000,sku_a,white,zone_d,moderado
11180,11.23,2.7,750,30.0,72.0,42.0,20600,air,53,68,640,46,93,1620,16,training,1024,120,48000,74000000,140.0,failed,116.0,temporal_sharing,12000,sku_d,white,zone_a,alto
3109,3.14,0.98,331,22.2,46.6,24.4,10742,air,63,52,323,52,71,1572,4,inference,512,1,3501,974133,1.37,success,11.9,full_gpu,3926,sku_b,red,zone_c,baixo
4472,4.54,0.8,360,23.7,46.3,22.6,11733,hybrid,50,61,325,58,73,1387,4,inference,128,1,2291,4899009,3.38,success,10.8,full_gpu,5986,sku_b,blue,zone_d,baixo
4031,4.1,0.89,274,22.7,47.8,25.1,11074,air,57,80,483,72,79,1632,4,fine_tuning,384,8,5979,14205967,5.52,success,9.0,full_gpu,4830,sku_e,white,zone_a,moderado
3162,3.18,1.01,515,24.9,49.1,24.2,11157,liquid,56,50,233,55,65,1403,4,inference,256,1,4379,1660106,2.26,success,9.8,temporal_sharing,3767,sku_b,white,zone_d,moderado
1800,1.8,0.77,241,18.5,29.8,11.3,6158,air,43,58,216,63,60,1482,1,inference,32,1,1325,368604,1.63,running,5.0,full_gpu,2168,sku_b,white,zone_b,baixo
4325,4.39,1.37,403,23.9,50.6,26.7,12363,hybrid,60,77,374,73,77,1694,4,fine_tuning,512,24,6448,14192648,6.09,success,13.8,full_gpu,6528,sku_c,blue,zone_c,moderado
11520,11.47,2.75,705,30.0,72.5,42.5,20300,air,54,69,650,47,94,1650,16,training,1024,115,44000,70000000,140.0,failed,119.0,full_gpu,12000,sku_c,red,zone_a,alto
2811,2.77,0.76,153,19.8,37.7,17.9,4208,hybrid,62,42,247,66,65,1199,4,inference,64,1,148,1651251,2.08,success,11.0,temporal_sharing,3374,sku_b,blue,zone_c,baixo
4415,4.4,0.88,100,20.1,41.2,21.1,6047,hybrid,75,82,343,81,76,1780,4,fine_tuning,256,17,5997,4108617,2.83,success,8.5,full_gpu,5950,sku_e,white,zone_b,baixo
9072,9.09,1.63,550,24.8,54.0,29.2,13765,hybrid,77,73,557,75,87,1849,16,training,512,71,34438,91674360,36.69,success,30.6,full_gpu,11581,sku_c,blue,zone_d,moderado
2373,2.38,0.81,328,23.8,47.9,24.1,8011,hybrid,37,50,310,69,65,1570,2,inference,512,1,1184,2986307,2.52,success,6.4,mig,2922,sku_e,blue,zone_c,moderado
8840,8.89,2.25,600,27.5,65.5,38.0,16400,air,43,61,545,39,86,1470,16,fine_tuning,384,32,10500,14000000,70.0,failed,90.0,full_gpu,11200,sku_b,yellow,zone_d,alto
1526,1.57,0.86,484,24.3,56.1,31.8,8782,air,27,35,159,29,48,1101,2,idle,2,1,414,71602,2.48,success,6.8,mig,2001,sku_a,blue,zone_b,moderado
8901,8.85,0.86,246,23.7,48.3,24.6,12418,immersion,64,92,525,67,82,1666,16,training,1536,129,48480,83235194,116.96,success,28.1,full_gpu,10425,sku_d,green,zone_b,moderado
7615,7.62,1.01,238,24.7,51.9,27.2,13748,liquid,73,82,543,72,85,1695,8,training,256,65,26883,40000358,52.49,success,17.5,full_gpu,9385,sku_d,green,zone_c,moderado
4620,4.67,1.18,310,24.0,53.0,29.0,10100,liquid,36,52,340,35,71,1240,4,inference,128,1,1800,1600000,4.0,running,32.0,mig,6400,sku_a,red,zone_d,alto
11800,11.9,0.89,244,23.7,54.1,30.4,14540,liquid,76,79,606,78,91,1969,16,training,768,61,41225,95048679,79.32,success,31.9,full_gpu,12000,sku_e,white,zone_c,baixo
5589,5.52,1.66,476,21.1,46.2,25.1,12409,hybrid,56,74,383,63,77,1637,8,inference,512,1,4784,1791111,0.69,running,14.8,temporal_sharing,7464,sku_a,yellow,zone_a,moderado
3563,3.51,0.9,430,23.8,46.8,23.0,10859,hybrid,44,74,246,74,69,1601,4,inference,128,1,3826,1610291,2.08,success,11.5,mig,4641,sku_a,red,zone_b,baixo
3615,3.66,0.42,306,21.6,41.5,19.9,5605,air,72,57,342,84,78,1361,4,fine_tuning,512,10,3683,2528282,8.23,success,11.5,full_gpu,4862,sku_d,white,zone_c,baixo
6879,6.83,0.98,455,23.1,57.2,34.1,13912,immersion,67,78,505,70,86,1853,8,training,1536,89,52175,42125940,72.19,success,15.7,full_gpu,9149,sku_a,yellow,zone_d,baixo
10500,10.54,2.65,720,29.5,71.0,41.5,20100,air,52,67,625,45,92,1600,16,training,768,110,45000,70000000,135.0,success,112.0,full_gpu,12000,sku_d,white,zone_b,alto
10800,10.75,2.8,770,30.0,72.0,42.0,20800,air,54,69,635,47,93,1620,16,training,768,125,50000,76000000,148.0,failed,115.0,full_gpu,12000,sku_d,green,zone_d,alto
6635,6.68,1.56,450,23.4,53.9,30.5,12456,hybrid,46,73,300,55,74,1543,8,fine_tuning,128,27,8408,16248485,22.58,success,18.5,temporal_sharing,8931,sku_b,green,zone_a,moderado
2518,2.56,0.87,225,22.3,48.3,26.0,7758,air,47,51,291,63,66,1550,2,inference,64,1,4534,3402395,4.93,success,6.5,temporal_sharing,3445,sku_d,blue,zone_a,moderado
3084,3.1,0.38,212,20.0,45.8,25.8,9167,air,75,83,330,81,78,1794,2,fine_tuning,512,16,1300,2599907,5.79,success,6.2,temporal_sharing,3576,sku_c,yellow,zone_b,baixo
2167,2.15,0.75,209,22.3,43.6,21.3,6171,air,49,55,214,57,62,1316,1,inference,128,1,4462,4020729,2.07,success,5.2,temporal_sharing,2538,sku_d,yellow,zone_c,moderado
3055,3.03,0.8,157,24.5,50.4,25.9,9669,hybrid,50,67,342,39,68,1430,2,inference,16,1,3438,2147121,4.94,success,7.7,mig,3599,sku_c,red,zone_b,moderado
8844,8.82,2.12,433,26.8,63.7,36.9,16619,liquid,66,74,558,62,89,1811,16,training,1536,84,61447,89549099,86.97,success,33.0,full_gpu,12000,sku_e,yellow,zone_b,moderado
7246,7.15,1.08,349,23.4,55.0,31.6,13889,hybrid,82,81,516,82,86,1791,8,training,512,132,32410,72824069,82.75,success,18.1,full_gpu,9772,sku_b,yellow,zone_a,baixo
3615,3.62,1.53,385,23.9,46.7,22.8,9333,air,35,52,332,48,68,1281,4,inference,16,1,2744,3270402,2.0,success,10.9,temporal_sharing,4762,sku_d,red,zone_c,moderado
9200,9.24,1.48,365,28.0,66.0,38.0,13800,liquid,47,62,555,42,86,1480,16,inference,64,1,1800,1500000,6.0,running,90.0,mig,11600,sku_b,yellow,zone_d,alto
7940,7.89,1.85,500,26.5,61.0,34.5,14200,hybrid,40,57,500,38,83,1380,8,fine_tuning,256,24,7800,9200000,53.0,success,76.0,temporal_sharing,10000,sku_c,red,zone_b,alto
4354,4.4,0.54,144,21.7,41.9,20.2,7547,hybrid,57,82,524,65,83,1787,4,fine_tuning,768,11,4859,3927406,22.69,success,12.3,mig,5746,sku_b,blue,zone_d,moderado
7680,7.73,2.1,540,26.0,62.0,36.0,15550,immersion,49,68,490,43,82,1490,8,training,512,70,14000,25000000,90.0,failed,73.0,temporal_sharing,9600,sku_d,green,zone_d,alto
5090,5.16,0.81,244,21.3,46.7,25.4,9689,liquid,58,74,399,73,79,1732,8,training,256,26,48177,44143355,91.47,success,11.2,full_gpu,6544,sku_e,red,zone_a,baixo
2960,2.94,0.69,339,23.3,44.5,21.2,9343,liquid,36,63,358,62,70,1432,2,inference,64,1,4902,3724687,4.96,success,7.1,temporal_sharing,3874,sku_a,blue,zone_b,moderado
5660,5.71,2.15,660,26.5,60.0,33.5,15400,liquid,21,37,390,19,77,1210,4,idle,2,1,25,21000,4.2,running,41.0,full_gpu,7100,sku_b,white,zone_b,alto
4612,4.59,0.82,263,22.7,54.9,32.2,13593,hybrid,57,82,492,69,82,1651,4,fine_tuning,256,22,6935,7073917,11.68,success,12.1,full_gpu,5907,sku_c,blue,zone_c,baixo
6180,6.13,1.6,480,25.0,55.0,30.0,11800,immersion,55,70,420,58,78,1510,8,training,768,60,22000,33000000,96.0,running,58.0,mig,8100,sku_a,green,zone_b,alto
9517,9.52,0.85,332,24.5,56.3,31.8,14677,hybrid,84,86,594,81,88,1872,16,training,512,67,43813,76631699,42.33,success,24.7,full_gpu,11227,sku_b,yellow,zone_d,moderado
6062,6.08,0.86,184,22.6,50.1,27.5,11177,hybrid,73,71,522,74,80,1839,4,training,1024,36,36557,23171397,73.59,success,14.2,full_gpu,7423,sku_e,blue,zone_d,baixo
5176,5.17,1.53,422,23.8,54.3,30.5,12775,hybrid,54,76,360,63,78,1585,4,fine_tuning,512,28,3106,13445554,31.42,success,12.6,temporal_sharing,7046,sku_e,red,zone_a,moderado
7300,7.29,1.21,322,22.0,54.0,32.0,12027,liquid,69,74,493,87,82,2120,8,training,2048,45,57155,66254644,61.85,running,17.9,full_gpu,9559,sku_d,green,zone_a,baixo
7473,7.55,0.45,241,21.6,44.8,23.2,11717,immersion,73,74,410,75,75,1800,16,training,512,35,15344,74738238,58.01,success,24.2,full_gpu,8700,sku_d,white,zone_a,baixo
7468,7.41,1.23,415,23.8,50.7,26.9,12187,immersion,86,89,641,86,92,1879,16,training,2048,99,33529,32737256,115.19,success,24.4,full_gpu,9548,sku_a,white,zone_b,baixo
7636,7.56,1.23,423,23.8,56.8,33.0,11428,hybrid,83,89,579,91,90,2015,8,training,1536,136,46851,81716348,50.07,success,21.9,full_gpu,10037,sku_e,blue,zone_b,baixo
9414,9.43,0.69,197,24.5,55.1,30.6,12113,liquid,73,77,552,80,86,2009,16,training,1536,27,14589,84324357,42.34,success,24.1,full_gpu,11542,sku_d,yellow,zone_d,baixo
10790,10.72,2.75,760,30.0,72.0,42.0,20700,air,54,69,635,47,93,1620,16,training,768,120,50000,76000000,148.0,aborted,115.0,mig,12000,sku_d,green,zone_d,alto
7920,7.86,1.8,490,26.5,61.0,34.5,14000,hybrid,40,57,500,37,83,1380,8,fine_tuning,256,24,7800,9200000,53.0,failed,76.0,mig,10000,sku_c,red,zone_b,alto
2254,2.19,1.36,407,25.0,53.3,28.3,8834,air,25,43,188,30,54,1092,2,idle,4,1,451,81378,1.63,success,9.4,temporal_sharing,2519,sku_c,red,zone_a,moderado
1129,1.12,0.37,157,19.0,30.2,11.2,4304,hybrid,19,16,112,6,39,1087,2,idle,4,1,92,62067,0.3,success,5.0,temporal_sharing,1503,sku_a,blue,zone_d,baixo
6020,6.04,2.3,620,25.5,57.5,32.0,13200,air,24,40,410,22,77,1200,8,idle,8,1,60,30000,4.2,aborted,56.0,full_gpu,8100,sku_e,yellow,zone_c,alto
6259,6.21,1.46,203,24.8,53.6,28.8,14061,hybrid,56,64,498,64,81,1525,8,fine_tuning,128,6,6331,5369057,12.35,success,19.6,full_gpu,7591,sku_b,blue,zone_d,moderado
1070,1.06,0.62,193,19.2,26.7,7.5,2711,air,20,34,77,9,35,1001,4,idle,4,1,77,85983,0.7,success,5.0,none,1418,sku_d,yellow,zone_c,baixo
3044,3.0,1.16,256,22.2,40.9,18.7,11464,air,42,70,240,53,64,1391,4,inference,128,1,4572,3929949,1.74,success,12.6,mig,3953,sku_c,white,zone_a,baixo
6120,6.08,1.88,540,25.5,58.0,32.5,13500,hybrid,53,65,430,49,79,1450,8,fine_tuning,256,20,8000,9000000,45.0,running,57.0,full_gpu,7900,sku_b,blue,zone_a,alto
6620,6.64,1.14,474,24.0,51.5,27.5,13547,air,68,84,506,63,83,1748,4,training,1536,113,36065,56076765,22.67,failed,16.9,full_gpu,8944,sku_d,yellow,zone_d,moderado
4711,4.74,0.45,290,20.3,47.6,27.3,9103,liquid,70,87,418,84,80,1622,8,training,256,32,17962,60010539,28.94,success,14.3,full_gpu,5610,sku_b,red,zone_d,baixo
7000,6.94,1.03,245,20.4,49.9,29.5,11449,liquid,69,68,464,73,78,1937,16,training,1536,60,13995,47365771,78.59,success,22.3,full_gpu,8163,sku_e,green,zone_a,baixo
11100,11.03,2.95,760,30.5,72.5,42.0,20800,air,25,44,625,18,90,1500,16,idle,4,1,50,35000,8.4,failed,117.0,mig,12000,sku_b,blue,zone_c,alto
5144,5.22,0.78,320,23.6,47.2,23.6,9916,hybrid,67,75,303,66,71,1604,4,fine_tuning,768,10,11364,2495424,16.29,success,11.2,full_gpu,6664,sku_b,red,zone_a,moderado
9926,10.06,0.84,351,25.2,58.0,32.8,14573,immersion,70,75,511,89,83,2113,16,training,2048,106,25544,23277407,116.84,success,32.3,full_gpu,11966,sku_c,yellow,zone_a,baixo
3296,3.32,0.74,219,22.9,40.6,17.7,8523,hybrid,69,75,342,76,78,1657,4,fine_tuning,384,3,2388,1792292,2.1,success,11.2,mig,4313,sku_c,red,zone_a,baixo
3143,3.08,0.6,222,21.7,39.1,17.4,7787,hybrid,43,50,340,63,69,1311,4,inference,64,1,1563,1388731,0.41,success,14.0,mig,4076,sku_e,red,zone_a,moderado
1599,1.67,1.18,556,24.1,52.6,28.5,6879,air,35,43,146,25,48,1044,2,idle,8,1,25,92925,7.35,success,8.0,none,1905,sku_e,blue,zone_d,moderado
4906,4.84,0.45,294,24.2,55.4,31.2,12768,liquid,73,69,399,82,83,1757,4,training,1536,70,7462,26219043,43.17,running,9.2,full_gpu,6270,sku_b,green,zone_c,baixo
6414,6.33,1.19,369,22.8,55.5,32.7,10347,hybrid,87,92,625,89,91,1955,8,training,1024,138,42539,20933877,56.37,success,14.1,full_gpu,8423,sku_c,red,zone_a,baixo
4932,4.94,1.41,332,22.2,45.7,23.5,10260,hybrid,73,56,410,63,78,1555,8,inference,64,1,4513,3877102,3.24,success,13.9,temporal_sharing,5704,sku_e,blue,zone_d,moderado
3255,3.24,1.08,231,23.6,47.3,23.7,10164,liquid,38,63,355,40,69,1438,4,inference,128,1,5989,4420022,5.45,success,14.1,temporal_sharing,4333,sku_b,white,zone_b,moderado
10600,10.66,2.6,700,29.5,71.0,41.5,20000,air,52,68,625,46,92,1600,16,training,768,105,44000,69000000,128.0,aborted,112.0,mig,12000,sku_d,blue,zone_c,alto
1839,1.84,0.52,105,22.4,36.5,14.1,7159,hybrid,57,63,112,71,55,1569,2,inference,256,1,1169,715024,1.16,success,6.1,full_gpu,2310,sku_d,green,zone_a,baixo
5052,5.06,0.85,221,24.2,56.9,32.7,13923,liquid,74,66,534,76,84,1917,8,fine_tuning,512,26,2539,12638386,17.08,success,16.7,full_gpu,6154,sku_d,green,zone_b,baixo
4649,4.63,1.1,264,23.5,51.7,28.2,10273,liquid,50,71,346,72,74,1575,4,fine_tuning,256,29,4285,5516932,13.9,success,10.1,mig,6303,sku_b,green,zone_c,moderado
1734,1.75,0.48,360,23.0,45.3,22.3,7564,hybrid,47,69,215,71,63,1517,1,inference,256,1,5981,2711284,2.77,success,5.2,mig,2233,sku_b,yellow,zone_a,moderado
960,0.96,0.93,179,21.1,32.7,11.6,6887,air,27,41,118,9,39,1068,2,idle,1,1,137,71499,0.21,success,5.0,none,1087,sku_d,yellow,zone_c,baixo
6094,6.16,1.33,380,23.7,50.3,26.6,11309,liquid,82,92,462,78,81,1805,8,training,512,104,51494,78135889,68.3,success,15.0,full_gpu,7448,sku_e,red,zone_a,baixo
10220,10.29,1.35,345,28.5,68.0,39.5,19600,air,46,59,585,42,90,1530,16,training,256,130,24000,34000000,125.0,failed,110.0,full_gpu,12000,sku_a,blue,zone_c,alto
6080,6.14,1.25,455,25.0,56.0,31.0,12800,hybrid,26,43,410,23,77,1225,8,idle,16,1,95,47000,6.8,running,55.0,mig,8200,sku_a,white,zone_c,alto
4720,4.68,0.81,451,25.3,50.6,25.3,10382,hybrid,49,66,407,64,77,1746,4,inference,128,1,2449,4227597,1.65,success,10.8,mig,6194,sku_d,white,zone_d,baixo
11084,11.12,1.36,485,23.0,52.6,29.6,16816,hybrid,68,81,647,61,88,1901,16,training,1536,120,26549,71993893,102.53,success,26.8,full_gpu,12000,sku_e,yellow,zone_c,moderado
8749,8.83,1.93,598,26.4,61.5,35.1,15243,hybrid,56,82,554,59,89,1810,16,training,512,99,17538,53303414,34.56,success,27.5,full_gpu,11644,sku_d,blue,zone_d,moderado
8220,8.27,2.55,640,27.5,63.0,35.5,16300,liquid,42,57,510,34,84,1425,8,fine_tuning,384,30,8500,12200000,61.0,aborted,78.0,full_gpu,9800,sku_c,white,zone_b,alto
8940,8.98,1.2,340,27.5,64.0,36.5,15500,air,33,50,545,28,86,1320,16,inference,64,1,1500,1100000,5.7,running,94.0,mig,11200,sku_e,yellow,zone_b,alto
2169,2.11,0.83,284,22.8,51.1,28.3,7082,liquid,56,65,201,61,61,1387,1,inference,128,1,4276,4606025,3.57,success,5.6,mig,2393,sku_a,blue,zone_a,moderado
4448,4.45,0.84,471,23.6,53.2,29.6,9937,hybrid,75,78,338,73,76,1488,4,fine_tuning,256,19,14735,16893482,26.79,success,12.6,full_gpu,5543,sku_d,white,zone_b,moderado
8750,8.81,1.85,470,27.0,63.0,36.0,17250,hybrid,39,56,500,38,85,1410,8,fine_tuning,128,21,5200,6500000,39.5,failed,75.0,temporal_sharing,10000,sku_b,white,zone_c,alto
4989,5.01,1.11,421,23.9,50.7,26.8,13200,immersion,79,73,496,82,82,1816,4,training,1536,32,20313,83164923,78.17,success,11.7,temporal_sharing,6603,sku_a,white,zone_d,baixo
4030,3.99,1.23,275,25.1,49.5,24.4,11417,liquid,53,64,277,61,71,1467,4,inference,128,1,2434,1009137,3.63,success,11.8,temporal_sharing,5042,sku_e,yellow,zone_d,baixo
9274,9.14,1.35,524,22.4,52.6,30.2,11969,liquid,82,77,559,91,86,1985,16,training,768,108,15454,22508658,40.07,success,22.2,full_gpu,10507,sku_b,red,zone_d,baixo
1958,1.94,0.65,153,20.9,37.6,16.7,4611,hybrid,55,69,261,45,61,1221,4,inference,64,1,1216,2153315,0.34,running,7.7,mig,2203,sku_c,green,zone_d,baixo
600,0.5,0.75,563,24.9,55.2,30.3,5866,hybrid,10,29,90,17,34,1084,1,idle,1,1,71,33331,3.36,running,5.0,none,660,sku_b,blue,zone_b,moderado
5433,5.37,0.56,171,23.7,48.0,24.3,8646,hybrid,76,73,398,75,76,1742,8,training,256,37,36177,23171404,92.68,success,15.3,full_gpu,6578,sku_d,blue,zone_c,baixo
4532,4.57,1.26,322,22.4,47.8,25.4,11072,hybrid,46,55,295,41,68,1382,8,inference,16,1,5361,1716744,2.38,success,15.5,temporal_sharing,6267,sku_b,red,zone_b,moderado
1350,1.35,0.72,206,21.0,27.9,6.9,2771,air,8,33,61,14,33,785,2,idle,16,1,7,34314,0.51,success,5.0,mig,1746,sku_b,red,zone_a,baixo
11500,11.56,2.65,620,31.0,74.0,43.0,22000,air,60,74,660,51,95,1700,16,training,1536,120,50000,85000000,150.0,success,120.0,full_gpu,12000,sku_c,yellow,zone_d,alto
6538,6.48,1.67,574,25.3,58.9,33.6,13375,hybrid,44,84,458,54,83,1682,8,fine_tuning,384,7,5380,16416843,30.75,success,20.1,full_gpu,9273,sku_c,blue,zone_b,moderado
930,0.94,0.63,122,21.5,31.2,9.7,1948,air,22,22,87,9,34,954,2,idle,16,1,61,3160,0.39,success,5.0,none,1037,sku_d,white,zone_c,baixo
10060,10.11,1.65,420,29.0,68.0,39.0,18100,hybrid,45,61,590,39,89,1485,16,training,512,100,30000,50000000,124.0,success,105.0,full_gpu,12000,sku_a,white,zone_a,alto
6179,6.1,1.09,471,23.0,50.5,27.5,9165,hybrid,59,68,454,80,83,1839,8,fine_tuning,384,27,4448,15552347,19.86,running,17.4,full_gpu,8168,sku_d,yellow,zone_d,baixo
885,0.89,0.46,115,19.7,29.2,9.5,4468,air,17,32,100,18,40,1035,1,idle,1,1,24,36272,0.06,running,5.0,mig,1041,sku_d,white,zone_c,baixo
9580,9.62,2.15,580,28.5,67.0,38.5,17500,air,43,59,570,32,88,1460,16,training,768,90,26000,42000000,100.0,failed,100.0,temporal_sharing,12000,sku_b,white,zone_c,alto
9180,9.24,1.48,365,28.0,66.0,38.0,13800,liquid,47,62,555,42,86,1480,16,inference,64,1,1800,1500000,6.0,running,90.0,mig,11600,sku_b,yellow,zone_d,alto
3337,3.37,0.65,294,20.2,45.6,25.4,5703,liquid,74,76,364,62,74,1612,4,fine_tuning,192,11,1986,3726833,9.54,success,8.5,mig,4171,sku_a,red,zone_c,baixo
10953,10.88,2.05,371,24.7,57.5,32.8,17065,hybrid,62,84,626,61,90,1863,16,training,512,25,50706,59842285,118.96,running,30.3,full_gpu,12000,sku_a,blue,zone_a,moderado
5951,5.91,1.06,466,24.8,51.2,26.4,9141,hybrid,70,80,517,76,83,1555,8,fine_tuning,768,11,14114,15203009,11.14,success,18.3,full_gpu,6846,sku_e,white,zone_b,baixo
4753,4.75,1.13,360,23.3,51.1,27.8,11651,air,67,67,479,85,84,1569,4,fine_tuning,512,26,10261,3671437,27.26,success,13.5,full_gpu,6138,sku_d,yellow,zone_c,baixo
7509,7.41,0.79,167,20.1,46.4,26.3,9377,immersion,67,74,495,92,76,1602,8,training,512,95,16293,28372680,23.2,success,14.8,full_gpu,9369,sku_b,blue,zone_d,baixo
6629,6.71,1.57,443,25.0,50.5,25.5,11107,hybrid,61,70,359,74,78,1765,8,fine_tuning,128,28,7586,4968270,21.16,success,19.5,full_gpu,8756,sku_b,yellow,zone_a,moderado
3307,3.34,1.74,300,25.1,50.1,25.0,9349,hybrid,43,66,330,49,70,1332,2,inference,128,1,5770,1087592,4.65,success,11.4,temporal_sharing,4290,sku_b,yellow,zone_d,moderado
8323,8.33,0.54,347,21.1,46.4,25.3,11497,immersion,83,72,610,80,88,1575,8,training,512,25,14748,79421227,94.21,success,16.2,full_gpu,10980,sku_b,white,zone_c,baixo
4253,4.26,0.54,309,24.9,49.8,24.9,12077,liquid,66,68,394,77,79,1684,4,fine_tuning,512,7,7047,6547344,13.49,success,10.7,full_gpu,5369,sku_a,white,zone_a,moderado
4388,4.39,1.03,235,24.7,49.4,24.7,8694,air,67,76,419,51,74,1429,4,fine_tuning,64,10,8058,9536639,25.18,success,10.6,full_gpu,5091,sku_a,white,zone_c,moderado
901,0.9,1.06,204,19.8,27.8,8.0,6505,hybrid,28,25,149,25,42,990,2,idle,1,1,18,8206,0.17,success,5.0,mig,1113,sku_d,yellow,zone_b,baixo
8618,8.59,1.34,411,22.3,52.8,30.5,13443,hybrid,67,73,645,70,89,1873,16,training,256,69,58369,73735508,27.16,success,26.4,full_gpu,10546,sku_c,red,zone_c,moderado
7807,7.75,0.65,254,23.7,48.1,24.4,13737,hybrid,84,81,602,83,87,1776,8,training,768,125,45938,46512110,38.84,success,21.2,full_gpu,10613,sku_a,blue,zone_d,moderado
5900,5.86,1.5,400,25.0,56.5,31.5,12400,hybrid,29,45,410,26,77,1220,8,idle,8,1,85,45000,5.0,success,56.0,mig,7900,sku_b,blue,zone_b,alto
10169,10.09,1.62,319,24.2,52.0,27.8,14708,immersion,82,85,604,63,87,1841,16,training,1536,31,33049,84274322,28.73,success,22.5,full_gpu,12000,sku_d,yellow,zone_c,moderado
4562,4.62,0.85,318,22.9,45.7,22.8,7936,hybrid,71,68,433,83,82,1811,4,fine_tuning,64,12,2195,7473146,12.07,success,9.9,full_gpu,5549,sku_e,green,zone_b,baixo
5782,5.82,0.68,359,24.9,57.0,32.1,14134,liquid,75,72,335,86,80,1687,4,fine_tuning,768,21,14366,9576438,28.54,success,10.5,full_gpu,6733,sku_b,white,zone_b,baixo
2089,2.09,0.73,234,19.5,32.6,13.1,5270,air,55,62,261,74,73,1670,2,inference,64,1,274,2138836,0.95,success,6.8,temporal_sharing,2493,sku_c,red,zone_d,baixo
8673,8.78,1.27,287,25.4,60.1,34.7,13149,immersion,74,85,474,89,86,1921,16,training,2048,96,50925,68194006,41.28,success,26.9,full_gpu,9858,sku_a,green,zone_b,baixo
765,0.76,0.45,193,19.3,32.9,13.6,3579,air,5,35,55,13,35,845,1,idle,1,1,83,28688,0.51,success,5.0,none,1038,sku_a,blue,zone_d,baixo
6539,6.48,1.67,418,25.5,58.0,32.5,14475,air,45,76,465,42,80,1558,8,fine_tuning,512,17,7884,5950738,34.38,failed,19.4,full_gpu,9941,sku_a,green,zone_a,moderado
8340,8.33,1.22,422,25.3,56.9,31.6,14662,liquid,71,88,630,80,92,1763,16,training,512,105,37946,91708173,71.64,success,22.7,full_gpu,10148,sku_c,yellow,zone_d,baixo
4522,4.57,1.05,450,23.5,48.4,24.9,11299,hybrid,51,82,410,68,79,1561,4,inference,128,1,4251,3256835,3.66,success,10.2,mig,5813,sku_a,red,zone_b,baixo
4646,4.67,1.06,194,24.3,49.6,25.3,9899,hybrid,72,78,405,72,79,1690,4,fine_tuning,768,21,2689,13998431,22.64,success,13.0,mig,5415,sku_d,red,zone_c,moderado
1307,1.29,1.23,602,24.3,52.7,28.4,8197,air,38,44,193,26,51,1135,2,idle,4,1,265,116343,3.35,running,7.3,mig,1747,sku_d,green,zone_d,moderado
9360,9.38,2.15,610,28.0,66.5,38.5,16500,liquid,46,61,560,41,87,1500,16,fine_tuning,384,30,11000,14000000,74.0,failed,94.0,full_gpu,11800,sku_b,blue,zone_c,alto
7037,6.98,1.53,481,24.3,47.2,22.9,12790,hybrid,69,66,458,63,82,1607,8,fine_tuning,512,14,12262,12845674,26.71,success,19.6,full_gpu,8508,sku_c,green,zone_d,moderado
5816,5.86,1.01,447,23.8,52.7,28.9,11839,hybrid,65,72,488,71,82,1714,4,fine_tuning,512,34,11331,9422421,30.77,success,12.2,full_gpu,7881,sku_a,red,zone_c,moderado
1130,1.13,0.52,239,21.8,29.7,7.9,3040,air,10,31,96,13,37,996,2,idle,2,1,83,26890,0.29,success,5.0,temporal_sharing,1533,sku_c,green,zone_a,baixo
8680,8.65,1.76,427,26.3,60.0,33.7,15904,hybrid,61,86,509,51,86,1733,16,training,1024,98,25139,58165354,26.69,success,28.6,full_gpu,11287,sku_d,yellow,zone_a,moderado
4169,4.15,1.06,518,24.8,49.3,24.5,10738,hybrid,45,55,278,52,66,1273,4,inference,512,1,4251,2047758,4.68,success,12.4,mig,5012,sku_a,blue,zone_b,moderado
6060,6.11,2.45,650,25.5,58.0,32.5,13700,air,25,41,415,24,78,1210,8,idle,4,1,45,22000,4.6,failed,56.0,mig,8100,sku_e,green,zone_b,alto
2318,2.32,1.27,330,22.4,53.7,31.3,10251,hybrid,40,52,351,42,69,1195,1,inference,512,1,4929,4211277,0.75,success,6.3,temporal_sharing,2777,sku_a,red,zone_c,moderado
7850,7.9,1.2,320,26.0,60.0,34.0,12600,air,37,55,500,35,82,1380,8,inference,64,1,700,700000,4.8,success,79.0,mig,9900,sku_d,red,zone_c,alto
4690,4.73,1.25,340,24.0,53.5,29.5,10500,hybrid,35,51,345,33,72,1250,4,inference,128,1,2300,2300000,4.1,running,33.0,temporal_sharing,6500,sku_a,green,zone_b,alto
10955,10.9,1.21,271,24.3,53.8,29.5,14168,immersion,77,80,572,85,91,1922,16,training,1024,106,32368,53752286,96.47,success,27.7,full_gpu,12000,sku_e,red,zone_c,baixo
1483,1.43,1.28,319,23.5,55.6,32.1,8214,air,26,32,213,12,48,1046,1,idle,16,1,384,95214,6.44,success,5.8,temporal_sharing,2207,sku_e,yellow,zone_d,moderado
10600,10.64,2.6,700,29.5,71.0,41.5,20200,air,50,66,625,44,92,1600,16,training,1024,115,45000,71000000,132.0,running,112.0,mig,12000,sku_d,white,zone_b,alto
3382,3.37,1.12,257,24.1,52.7,28.6,10106,liquid,40,50,281,39,70,1222,4,inference,128,1,4760,2725117,0.75,running,10.3,mig,4564,sku_a,red,zone_b,moderado
8090,8.13,1.9,500,27.0,62.0,35.0,14400,air,42,59,505,38,84,1390,8,inference,128,1,1300,1200000,5.5,running,80.0,mig,10400,sku_c,red,zone_a,alto
6440,6.34,0.95,258,22.1,51.5,29.4,9285,liquid,65,74,433,77,78,1516,8,fine_tuning,768,16,14853,9806049,9.72,success,16.7,full_gpu,8097,sku_a,red,zone_d,baixo
3969,4.01,0.95,296,21.5,42.0,20.5,10604,air,48,53,339,42,69,1222,4,inference,512,1,4592,3103561,4.97,success,10.7,temporal_sharing,5196,sku_e,blue,zone_a,moderado
1822,1.8,0.64,124,20.8,40.8,20.0,6225,liquid,53,61,261,81,62,1584,1,inference,64,1,1068,1210158,1.9,success,5.0,mig,2381,sku_b,red,zone_a,baixo
6343,6.34,1.37,442,26.4,58.8,32.4,12905,hybrid,66,72,454,71,84,1665,8,fine_tuning,768,15,13671,16577821,17.13,success,14.9,full_gpu,7735,sku_e,red,zone_a,moderado
10794,10.76,1.85,555,25.9,52.0,26.1,15366,liquid,77,87,625,70,92,1910,16,training,1024,52,41706,51327086,49.71,success,29.3,full_gpu,12000,sku_d,yellow,zone_a,moderado
4545,4.55,0.61,325,24.7,57.1,32.4,10575,liquid,55,74,413,63,79,1806,4,fine_tuning,512,11,7205,10654716,7.29,success,11.0,full_gpu,6009,sku_a,red,zone_b,moderado
3411,3.47,1.27,494,24.8,54.3,29.5,10794,air,38,59,274,53,67,1305,4,inference,512,1,3207,1594289,5.2,success,15.3,temporal_sharing,4580,sku_b,white,zone_d,moderado
11680,11.78,3.45,830,31.0,73.0,42.0,21600,air,53,65,650,48,94,1610,16,fine_tuning,512,50,42000,48000000,100.0,aborted,119.0,full_gpu,12000,sku_e,white,zone_c,alto
4164,4.2,0.74,421,23.2,55.2,32.0,10762,hybrid,54,77,395,56,79,1590,4,fine_tuning,384,15,5992,4489662,12.08,success,12.5,full_gpu,5310,sku_c,red,zone_a,moderado
7425,7.5,1.48,430,26.5,62.0,35.5,13600,liquid,39,58,480,36,82,1430,8,fine_tuning,256,28,9000,11000000,64.0,success,69.0,mig,9600,sku_c,red,zone_d,alto
10780,10.72,2.75,760,30.0,72.0,42.0,20700,air,54,69,635,47,93,1620,16,training,768,120,50000,76000000,148.0,aborted,115.0,mig,12000,sku_d,green,zone_d,alto
1312,1.31,0.29,201,18.9,31.1,12.2,2773,air,14,21,100,7,36,909,1,idle,2,1,8,65992,0.77,success,5.0,mig,1582,sku_c,white,zone_b,baixo
4129,4.09,1.18,272,24.4,48.0,23.6,12077,hybrid,40,60,227,54,65,1396,4,inference,512,1,3415,3831936,4.16,success,12.2,mig,4786,sku_b,white,zone_a,baixo
8557,8.55,1.33,235,25.1,61.9,36.8,16296,hybrid,63,80,551,64,89,1705,16,training,1536,129,22217,40479052,100.02,success,24.9,full_gpu,11196,sku_e,red,zone_c,moderado
10241,10.17,1.9,310,24.2,60.5,36.3,16913,liquid,62,67,506,52,84,1729,16,training,768,62,40507,58760403,88.87,aborted,24.1,full_gpu,12000,sku_e,white,zone_d,moderado
4366,4.36,1.14,414,24.8,46.8,22.0,8779,hybrid,44,60,407,64,78,1394,4,inference,128,1,1813,4993125,1.32,success,9.2,mig,5253,sku_a,green,zone_d,baixo
5760,5.79,1.35,350,25.0,56.0,31.0,11900,liquid,27,43,400,24,77,1220,8,idle,8,1,45,20000,4.7,running,54.0,temporal_sharing,7600,sku_d,green,zone_b,alto
8060,8.0,1.9,530,27.0,62.0,35.0,14600,hybrid,43,59,505,39,84,1390,8,fine_tuning,256,22,7200,8900000,50.0,failed,79.0,temporal_sharing,10200,sku_c,red,zone_d,alto
6870,6.93,1.68,346,26.8,59.4,32.6,12749,air,57,84,454,58,82,1743,8,fine_tuning,768,16,6520,5932956,20.11,success,17.8,full_gpu,10664,sku_b,green,zone_b,moderado
1017,0.98,1.89,616,26.0,57.2,31.2,7201,air,31,34,127,14,49,968,1,idle,1,1,290,101934,5.96,success,5.6,none,1289,sku_e,yellow,zone_a,moderado
9321,9.39,1.7,503,25.3,62.7,37.4,17035,liquid,64,85,515,77,85,1823,16,training,1024,58,12961,31453820,101.43,running,22.8,full_gpu,12000,sku_c,green,zone_b,moderado
773,0.76,0.56,159,21.4,31.3,9.9,2066,hybrid,15,25,71,13,34,1094,1,idle,16,1,56,5977,0.15,success,5.0,none,1031,sku_e,yellow,zone_d,baixo
3947,3.97,0.99,181,23.7,53.7,30.0,12174,hybrid,51,57,405,62,76,1659,4,fine_tuning,512,32,1318,4049000,11.28,success,12.4,temporal_sharing,5111,sku_e,white,zone_a,moderado
4873,4.84,0.93,447,24.4,51.1,26.7,9833,hybrid,67,72,471,82,83,1774,8,inference,128,1,4119,4888503,4.46,success,17.0,temporal_sharing,6207,sku_b,red,zone_d,baixo
4814,4.82,0.86,332,23.8,52.1,28.3,12069,liquid,78,82,364,82,74,1871,4,fine_tuning,384,23,7711,9046960,25.95,success,9.7,temporal_sharing,5759,sku_e,red,zone_c,baixo
5920,5.89,1.18,320,25.0,56.0,31.0,11700,hybrid,30,48,400,27,77,1240,8,idle,8,1,80,39000,5.1,failed,56.0,temporal_sharing,7800,sku_a,green,zone_d,alto
3183,3.15,1.08,305,23.8,52.2,28.4,9679,air,43,59,214,72,62,1528,2,inference,128,1,3500,3022060,5.38,running,11.7,mig,3625,sku_e,green,zone_a,moderado
2733,2.76,1.46,234,22.7,44.0,21.3,8939,air,36,62,355,47,67,1335,4,inference,512,1,5825,3550150,5.05,success,12.9,temporal_sharing,3272,sku_e,white,zone_d,moderado
1075,1.08,0.64,218,18.8,26.0,7.2,2350,air,15,21,78,2,34,600,4,idle,16,1,44,23544,0.38,success,5.0,none,1438,sku_a,green,zone_d,baixo
6053,6.04,1.52,303,24.3,55.1,30.8,13502,hybrid,58,74,458,75,82,1631,4,fine_tuning,128,35,8716,11082679,18.29,running,15.6,full_gpu,7885,sku_d,yellow,zone_b,moderado
6200,6.15,0.81,501,23.1,50.7,27.6,11914,liquid,70,80,513,73,81,1667,8,fine_tuning,512,13,8337,8601177,10.38,running,15.6,temporal_sharing,7591,sku_b,green,zone_c,baixo
2199,2.16,0.84,252,22.9,42.2,19.3,8224,hybrid,42,57,234,64,65,1541,1,inference,64,1,5141,797142,3.57,success,5.8,mig,2655,sku_c,white,zone_c,moderado
3980,4.03,2.3,650,24.5,53.0,28.5,9700,hybrid,28,44,330,25,69,1150,4,inference,64,1,1200,900000,3.7,running,28.0,full_gpu,5600,sku_e,yellow,zone_a,alto
9180,9.24,1.45,360,28.0,66.0,38.0,13700,liquid,47,62,555,42,86,1480,16,inference,64,1,1800,1500000,6.0,running,90.0,full_gpu,11600,sku_b,yellow,zone_d,alto
857,0.86,0.82,402,19.6,29.1,9.5,3632,hybrid,27,33,153,24,50,891,1,idle,1,1,74,55138,0.14,running,5.0,none,1179,sku_d,yellow,zone_d,baixo
10884,10.78,0.77,489,23.0,50.9,27.9,11317,hybrid,80,78,577,93,87,1896,16,training,1024,138,13548,27047685,126.55,success,29.9,full_gpu,12000,sku_d,blue,zone_d,baixo
3099,3.1,1.16,345,23.8,45.8,22.0,9053,hybrid,58,59,317,54,70,1666,4,inference,128,1,4044,3237355,3.57,success,11.9,temporal_sharing,4164,sku_a,blue,zone_a,baixo
735,0.74,0.5,166,21.5,34.3,12.8,4450,air,8,34,78,2,35,730,1,idle,1,1,10,81659,0.26,success,5.0,mig,932,sku_b,white,zone_d,baixo
3804,3.86,0.92,482,23.8,51.6,27.8,11978,hybrid,49,69,321,63,73,1571,4,inference,512,1,3377,1819872,2.41,success,12.9,full_gpu,5119,sku_e,red,zone_c,baixo
2826,2.76,1.02,489,21.7,46.7,25.0,7729,hybrid,43,71,320,50,70,1287,4,inference,256,1,2418,2397111,1.35,success,8.7,temporal_sharing,3396,sku_c,red,zone_d,moderado
7540,7.57,1.95,540,26.0,60.0,34.0,14600,liquid,41,58,490,38,82,1380,8,fine_tuning,256,25,7600,9600000,55.0,failed,75.0,full_gpu,9600,sku_c,red,zone_d,alto
1659,1.64,0.46,333,21.6,41.6,20.0,5650,air,36,58,207,41,61,1320,1,inference,128,1,2765,1000539,2.8,success,6.5,mig,2163,sku_c,blue,zone_b,moderado
5217,5.13,1.43,503,23.0,46.4,23.4,10540,hybrid,71,68,286,72,73,1684,4,fine_tuning,768,24,6277,3839424,11.48,success,13.3,full_gpu,6157,sku_b,red,zone_d,moderado
5002,4.98,1.58,286,23.4,52.7,29.3,11489,liquid,60,64,309,73,73,1547,8,inference,16,1,4250,1350752,0.64,success,15.0,temporal_sharing,6207,sku_b,green,zone_b,moderado
5102,5.14,1.11,286,23.3,45.8,22.5,9548,hybrid,56,61,350,52,73,1525,8,inference,128,1,2376,969094,3.44,success,17.4,mig,5726,sku_d,red,zone_a,baixo
3677,3.65,0.75,397,24.0,54.9,30.9,9531,hybrid,60,71,268,62,68,1428,4,inference,256,1,2414,4489186,1.13,success,13.1,full_gpu,4559,sku_c,white,zone_c,moderado
3124,3.04,1.53,488,22.3,54.7,32.4,11226,hybrid,40,71,273,57,67,1421,4,inference,256,1,2243,4232417,5.42,success,10.1,temporal_sharing,4143,sku_a,green,zone_d,moderado
9000,8.97,1.5,390,27.5,65.0,37.5,14300,hybrid,47,62,550,41,86,1450,16,training,512,95,33000,52000000,116.0,running,89.0,temporal_sharing,11200,sku_b,yellow,zone_a,alto
3495,3.45,0.66,171,23.8,49.2,25.4,9460,hybrid,41,68,224,56,64,1385,4,inference,16,1,2113,1386556,0.34,success,11.3,temporal_sharing,4572,sku_e,blue,zone_d,moderado
8679,8.65,1.19,244,24.6,58.8,34.2,13997,liquid,79,84,625,85,91,2066,16,training,512,109,14887,39642033,105.63,success,29.8,full_gpu,11233,sku_a,white,zone_a,baixo
3096,3.09,0.61,184,22.3,47.3,25.0,8863,hybrid,56,80,436,69,77,1841,4,fine_tuning,768,10,8956,5719280,9.14,running,11.0,mig,3559,sku_e,green,zone_c,moderado
5961,5.95,0.8,525,23.8,53.9,30.1,10113,hybrid,65,74,451,69,82,1830,8,fine_tuning,256,16,5413,10677482,18.92,success,18.4,full_gpu,7131,sku_c,yellow,zone_d,baixo
4262,4.2,1.47,322,25.5,58.4,32.9,14378,air,53,76,503,59,85,1555,4,fine_tuning,512,27,4840,7704944,23.29,success,11.3,full_gpu,7005,sku_a,yellow,zone_d,moderado
5020,5.06,1.4,380,24.5,54.0,29.5,10800,hybrid,35,50,355,33,72,1260,4,inference,256,1,2500,2800000,4.5,running,34.0,mig,6800,sku_e,yellow,zone_b,alto
7594,7.63,0.81,349,25.5,57.8,32.3,14066,liquid,71,72,520,68,84,1688,8,training,256,94,32400,85418807,116.73,running,16.4,full_gpu,9766,sku_b,blue,zone_a,moderado
7580,7.64,1.3,340,26.5,60.5,34.0,13500,hybrid,39,56,485,36,82,1360,8,inference,64,1,900,850000,4.9,success,76.0,mig,9800,sku_c,red,zone_d,alto
6080,6.11,2.25,600,25.5,57.5,32.0,13200,air,23,39,410,22,77,1200,8,idle,8,1,70,34000,4.6,aborted,56.0,full_gpu,8100,sku_e,blue,zone_c,alto
3491,3.46,0.35,275,20.1,39.7,19.6,9619,hybrid,51,76,249,84,65,1790,4,fine_tuning,512,7,1468,5075370,9.33,success,8.0,full_gpu,4124,sku_e,green,zone_b,baixo
4024,4.03,0.78,356,23.8,58.6,34.8,12069,liquid,49,78,234,73,67,1653,4,inference,256,1,5908,2112536,1.41,success,11.3,temporal_sharing,4999,sku_c,blue,zone_b,baixo
1843,1.9,0.95,562,24.2,51.4,27.2,8024,air,26,24,216,26,55,1134,4,idle,4,1,205,57406,4.52,success,8.7,mig,2096,sku_a,yellow,zone_b,moderado
3149,3.18,0.9,237,23.2,47.4,24.2,11260,hybrid,46,50,390,47,74,1298,4,inference,64,1,5220,1760900,2.82,success,12.3,temporal_sharing,4891,sku_a,green,zone_b,moderado
9020,9.06,2.1,570,27.5,65.0,37.5,16200,air,44,61,550,40,86,1480,16,fine_tuning,384,30,10000,13000000,68.0,running,91.0,temporal_sharing,11300,sku_b,green,zone_a,alto
5896,5.91,0.8,434,24.0,52.0,28.0,11628,hybrid,69,79,351,73,78,1932,8,fine_tuning,256,28,10553,17414836,29.44,success,14.8,temporal_sharing,6918,sku_c,blue,zone_b,baixo
5113,5.18,0.94,300,24.1,52.5,28.4,12871,immersion,73,84,390,70,77,1522,8,fine_tuning,256,8,7087,15791002,8.76,success,15.3,full_gpu,6490,sku_d,white,zone_b,baixo
1542,1.53,0.59,200,20.7,34.4,13.7,6699,air,59,41,161,81,60,1643,1,inference,16,1,1578,1620610,1.93,running,5.0,temporal_sharing,2127,sku_c,blue,zone_a,baixo
2084,2.1,0.49,213,20.7,35.2,14.5,4343,hybrid,52,62,110,78,54,1302,1,inference,128,1,1747,749435,2.29,success,5.0,temporal_sharing,2833,sku_e,blue,zone_a,baixo
1368,1.36,0.28,119,18.3,29.5,11.2,4465,air,13,29,91,2,34,790,4,idle,16,1,38,89586,0.61,success,5.0,temporal_sharing,1756,sku_e,yellow,zone_c,baixo
5069,5.06,0.91,492,22.4,52.7,30.3,11358,liquid,63,69,483,85,82,1735,4,fine_tuning,512,21,10361,4675124,17.14,success,11.7,full_gpu,5709,sku_b,yellow,zone_d,baixo
9460,9.52,2.2,610,28.0,66.5,38.5,16600,liquid,46,61,565,41,87,1500,16,fine_tuning,384,32,11000,14500000,76.0,aborted,94.0,full_gpu,11800,sku_b,blue,zone_c,alto
1992,2.02,0.71,77,22.0,31.1,9.1,7334,air,62,64,221,79,63,1515,2,inference,64,1,1234,251118,0.11,success,6.4,mig,2482,sku_c,white,zone_a,baixo
6085,6.0,0.73,345,21.1,48.4,27.3,8009,liquid,65,87,579,78,86,1932,8,training,768,50,28524,77226221,66.46,success,18.4,full_gpu,7213,sku_a,white,zone_a,baixo
7809,7.86,1.74,417,26.1,61.6,35.5,14995,hybrid,67,90,494,76,87,2021,8,training,256,70,51886,76300745,85.04,success,19.2,full_gpu,10876,sku_e,green,zone_a,moderado
3585,3.57,1.05,236,21.6,49.3,27.7,11093,hybrid,49,65,225,73,67,1640,4,inference,512,1,3157,4513393,2.87,success,13.5,temporal_sharing,4382,sku_c,blue,zone_b,baixo
2536,2.52,0.48,216,19.7,36.4,16.7,7177,air,57,41,278,79,66,1499,4,inference,256,1,1636,959239,2.44,success,7.8,temporal_sharing,3033,sku_a,red,zone_a,baixo
11130,11.13,0.98,405,25.3,56.1,30.8,15687,hybrid,83,92,555,91,89,2013,16,training,512,116,47503,64618131,60.14,success,28.3,full_gpu,12000,sku_b,yellow,zone_d,baixo
5822,5.87,0.76,258,23.8,48.7,24.9,10119,liquid,63,77,439,75,81,1897,8,training,768,45,6548,19753411,73.67,success,17.9,full_gpu,6638,sku_a,blue,zone_b,baixo
3092,3.04,1.22,311,22.0,52.1,30.1,10946,hybrid,41,58,285,42,68,1291,4,inference,256,1,3084,1453471,3.48,success,12.6,mig,3996,sku_b,green,zone_d,moderado
5587,5.64,1.67,485,22.3,51.2,28.9,11401,hybrid,73,81,390,61,80,1690,4,fine_tuning,128,18,13028,11221992,22.28,success,12.2,mig,6867,sku_e,blue,zone_c,moderado
1599,1.61,0.72,96,20.7,30.3,9.6,3802,air,21,66,152,57,56,1339,2,inference,64,1,1540,512280,0.16,success,5.9,temporal_sharing,1954,sku_b,green,zone_c,baixo
3178,3.12,1.74,384,26.6,62.6,36.0,12657,hybrid,40,64,248,28,64,1142,4,inference,128,1,5961,4567987,3.05,success,13.8,full_gpu,4748,sku_c,blue,zone_d,moderado
5171,5.15,0.99,188,21.5,50.7,29.2,10274,hybrid,56,81,450,61,80,1626,8,fine_tuning,512,10,9772,2366950,25.66,success,18.2,full_gpu,6865,sku_d,white,zone_a,moderado
5650,5.69,1.15,310,25.0,55.5,30.5,11800,liquid,29,45,395,26,76,1200,8,idle,4,1,85,41000,5.2,success,54.0,temporal_sharing,7600,sku_a,white,zone_a,alto
3361,3.4,1.07,386,24.7,53.8,29.1,10441,air,40,72,267,54,68,1579,4,inference,128,1,5403,3308280,4.2,success,10.9,mig,4168,sku_b,green,zone_b,baixo
8495,8.44,1.12,273,25.3,57.3,32.0,12561,liquid,70,69,607,65,89,1771,16,training,1536,76,32398,75800640,33.42,success,29.4,full_gpu,11436,sku_c,red,zone_d,moderado
4630,4.56,1.31,457,21.1,53.2,32.1,12314,liquid,67,74,380,74,77,1651,4,fine_tuning,512,32,9695,7589320,17.77,success,11.4,temporal_sharing,5894,sku_b,blue,zone_d,moderado
965,0.96,0.32,229,19.5,29.8,10.3,4040,air,15,18,61,3,32,672,2,idle,16,1,93,7373,0.55,success,5.0,none,1089,sku_b,red,zone_a,baixo
9340,9.34,1.11,450,21.9,49.0,27.1,12569,liquid,70,91,582,74,88,1905,16,training,1024,55,44475,76622253,71.56,success,29.9,full_gpu,11616,sku_b,white,zone_d,moderado
4646,4.61,0.78,310,24.5,54.5,30.0,11488,hybrid,71,81,347,73,75,1854,4,fine_tuning,512,14,9222,12718867,11.99,success,9.3,temporal_sharing,5247,sku_c,red,zone_d,baixo
8420,8.37,2.6,720,28.0,65.5,37.5,17400,air,46,62,515,41,86,1450,8,fine_tuning,512,36,14000,18000000,82.0,aborted,84.0,full_gpu,10800,sku_e,blue,zone_c,alto
1128,1.13,0.38,219,18.9,30.0,11.1,2728,air,19,20,57,15,36,654,2,idle,1,1,92,85506,0.38,running,5.0,temporal_sharing,1436,sku_a,yellow,zone_a,baixo
11200,11.27,2.7,750,30.0,72.0,42.0,20600,air,53,68,640,46,93,1620,16,training,1024,120,48000,74000000,140.0,success,116.0,mig,12000,sku_d,white,zone_a,alto
2528,2.52,1.09,256,23.0,48.7,25.7,9273,liquid,58,56,237,60,66,1473,4,inference,64,1,4671,4992825,1.04,success,13.1,temporal_sharing,3218,sku_d,red,zone_d,moderado
2209,2.26,0.76,344,23.1,53.5,30.4,11520,liquid,37,65,265,46,63,1284,2,inference,32,1,4525,4862591,3.59,success,6.6,mig,2913,sku_b,red,zone_c,moderado
5224,5.28,0.95,120,23.7,54.2,30.5,12552,liquid,82,69,518,87,78,1973,8,training,1536,61,27469,54361588,65.17,success,13.1,full_gpu,6788,sku_c,white,zone_c,baixo
9715,9.68,2.18,499,25.4,60.0,34.6,16841,hybrid,61,78,554,57,86,1696,16,training,1024,73,25244,37684890,36.92,failed,31.9,full_gpu,12000,sku_d,blue,zone_b,moderado
7564,7.52,2.05,593,24.0,61.5,37.5,14374,hybrid,46,69,484,40,81,1579,8,fine_tuning,512,7,7262,9458053,26.95,success,22.4,full_gpu,10197,sku_a,red,zone_c,moderado
7061,7.05,1.08,247,24.7,53.9,29.2,11508,hybrid,78,89,580,93,86,1959,8,training,1536,85,54902,28431516,129.74,success,15.0,full_gpu,8243,sku_d,green,zone_d,baixo
3053,3.0,1.12,461,21.5,43.5,22.0,9262,hybrid,43,61,337,53,70,1335,2,inference,256,1,5943,4566013,4.22,success,9.2,temporal_sharing,3964,sku_c,blue,zone_d,moderado
2077,2.11,0.86,387,23.4,52.4,29.0,9678,air,39,59,220,56,61,1340,2,inference,256,1,2262,3146146,3.52,success,8.3,temporal_sharing,2862,sku_a,white,zone_a,moderado
5413,5.36,0.57,311,23.7,49.9,26.2,9469,hybrid,79,82,375,75,80,1638,8,training,2048,69,41444,24992167,36.44,success,14.8,full_gpu,7167,sku_d,red,zone_d,baixo
11800,11.84,2.19,356,26.4,52.3,25.9,17420,liquid,63,65,502,55,86,1742,16,training,768,67,16644,83087206,31.25,success,28.1,full_gpu,12000,sku_b,yellow,zone_a,moderado
2784,2.71,1.17,274,24.5,51.8,27.3,10133,hybrid,43,63,269,38,67,1277,2,inference,32,1,3647,2859433,1.64,running,7.1,full_gpu,4541,sku_d,green,zone_c,moderado
9300,9.36,1.45,370,28.0,66.0,38.0,13800,liquid,48,63,560,43,87,1480,16,inference,64,1,1800,1500000,6.2,success,92.0,mig,11600,sku_b,blue,zone_b,alto
5144,5.12,0.62,114,23.0,48.6,25.6,12170,hybrid,74,86,440,76,84,2031,8,training,768,52,18158,23860807,31.15,success,14.9,full_gpu,6574,sku_a,white,zone_c,baixo
4109,4.09,1.33,458,23.1,54.7,31.6,10951,hybrid,63,73,326,63,74,1461,4,fine_tuning,768,11,10302,6078858,10.77,success,12.3,mig,5536,sku_a,green,zone_b,moderado
10377,10.43,1.24,428,24.5,55.8,31.3,14493,liquid,87,84,565,88,87,1777,16,training,2048,59,47223,56189930,106.92,success,23.8,full_gpu,12000,sku_d,green,zone_b,baixo
6353,6.28,0.58,348,23.2,46.9,23.7,8515,liquid,70,79,423,92,78,1830,8,training,1024,35,14010,31224638,90.97,success,12.4,full_gpu,8016,sku_a,blue,zone_c,baixo
8419,8.42,1.63,497,25.6,63.1,37.5,15330,hybrid,67,90,638,69,93,1839,16,training,1024,77,13604,62717094,76.8,aborted,24.6,full_gpu,11402,sku_b,green,zone_a,moderado
3506,3.49,1.13,362,23.1,43.1,20.0,8120,air,59,72,337,66,71,1700,4,inference,256,1,4235,2051741,1.92,success,11.1,mig,4385,sku_d,white,zone_c,baixo
8591,8.55,0.86,303,24.7,57.1,32.4,14246,liquid,82,92,578,94,91,2058,8,training,1536,48,18508,73634638,126.33,success,20.8,full_gpu,10997,sku_c,yellow,zone_d,baixo
5634,5.65,1.45,446,23.3,50.7,27.4,11261,liquid,59,67,387,65,80,1694,4,fine_tuning,128,7,10483,13342864,8.42,success,15.1,full_gpu,7169,sku_d,red,zone_b,moderado
9857,9.91,0.99,450,23.5,53.5,30.0,13748,immersion,77,84,599,93,90,1965,16,training,1536,92,29679,23026255,90.77,success,23.5,full_gpu,11150,sku_c,yellow,zone_d,baixo
8183,8.13,0.62,246,21.0,49.6,28.6,11630,liquid,72,83,546,88,84,2003,16,training,512,52,31993,46508219,60.76,success,17.6,full_gpu,10349,sku_c,blue,zone_c,baixo
4264,4.26,0.87,270,21.0,42.4,21.4,6086,hybrid,42,83,438,81,79,1631,4,fine_tuning,128,14,4466,3276999,12.52,success,12.1,temporal_sharing,5485,sku_e,red,zone_b,baixo
8095,8.01,1.12,396,24.5,55.1,30.6,15013,immersion,70,74,582,86,90,1831,16,training,1536,44,32636,46412041,41.72,success,27.9,full_gpu,10237,sku_a,blue,zone_d,baixo
4158,4.17,1.2,451,23.9,45.4,21.5,8176,air,49,64,274,66,68,1701,4,inference,512,1,2263,3170667,4.08,success,12.8,temporal_sharing,5372,sku_d,blue,zone_d,baixo
6199,6.21,0.98,273,21.8,51.0,29.2,10007,liquid,72,77,416,86,79,1863,8,training,1536,62,25503,49762125,18.47,running,16.5,full_gpu,7979,sku_d,yellow,zone_b,baixo
2737,2.76,0.99,392,21.0,45.2,24.2,10554,hybrid,37,53,289,51,66,1322,4,inference,512,1,4800,3944962,3.03,success,12.8,temporal_sharing,3783,sku_a,yellow,zone_c,moderado
3151,3.2,0.7,312,22.1,40.5,18.4,8477,air,42,66,307,64,66,1566,2,inference,256,1,1224,2039226,5.44,success,7.2,mig,3804,sku_d,blue,zone_c,moderado
10716,10.68,1.93,530,25.5,57.6,32.1,15537,liquid,60,85,524,71,83,1706,16,training,768,125,61508,55361619,64.82,success,30.6,full_gpu,12000,sku_d,blue,zone_d,moderado
7387,7.42,1.02,389,24.0,58.0,34.0,12940,liquid,77,82,614,88,92,1840,16,training,1536,45,29459,68473831,105.92,success,23.9,full_gpu,8727,sku_c,yellow,zone_d,baixo
7597,7.55,1.31,502,22.6,52.1,29.5,14838,immersion,82,77,556,62,86,1892,8,training,256,101,39829,81700428,89.08,success,16.3,full_gpu,8757,sku_e,green,zone_a,moderado
5492,5.46,0.49,183,24.5,52.1,27.6,12026,liquid,69,66,475,78,84,1800,4,fine_tuning,128,10,4390,13165869,24.25,success,12.2,full_gpu,6320,sku_d,red,zone_b,moderado
4504,4.45,0.56,331,21.2,48.7,27.5,13174,air,59,83,346,63,74,1471,4,fine_tuning,512,4,6725,4863585,19.22,success,10.9,full_gpu,5381,sku_e,blue,zone_b,moderado
5804,5.81,1.2,427,23.5,48.0,24.5,12806,hybrid,48,67,310,57,72,1650,8,inference,64,1,2387,2091306,2.57,success,17.6,mig,7895,sku_e,yellow,zone_a,moderado
8900,8.96,1.55,430,27.5,64.0,36.5,13800,liquid,45,61,540,40,85,1440,16,training,512,100,34000,54000000,120.0,aborted,89.0,full_gpu,11200,sku_a,blue,zone_a,alto
885,0.9,0.28,167,20.6,31.2,10.6,2811,air,18,20,77,16,34,1046,1,idle,8,1,98,28279,0.22,success,5.0,none,1167,sku_b,yellow,zone_a,baixo
1435,1.42,0.58,81,21.3,36.7,15.4,5900,air,33,64,114,51,58,1417,2,inference,256,1,620,1566807,1.48,success,5.0,mig,1636,sku_a,red,zone_c,baixo
8231,8.22,1.93,466,25.9,60.9,35.0,15839,air,51,81,495,57,86,1783,16,training,1024,45,16440,87495539,79.43,success,31.7,full_gpu,11156,sku_c,green,zone_b,moderado
5790,5.84,2.8,720,26.0,60.5,34.5,16000,hybrid,18,36,395,16,75,1105,4,idle,2,1,55,26000,4.6,aborted,45.0,full_gpu,7500,sku_a,blue,zone_b,alto
4406,4.37,0.72,325,22.8,52.9,30.1,10834,hybrid,71,73,478,61,83,1739,4,fine_tuning,768,14,3099,2398194,5.49,success,9.7,full_gpu,5399,sku_a,green,zone_d,moderado
6976,6.94,0.58,110,24.2,47.2,23.0,7949,hybrid,70,83,507,80,84,1747,8,training,512,57,21356,59275811,72.45,success,17.1,full_gpu,9094,sku_c,white,zone_c,baixo
2894,2.93,1.19,447,23.5,47.8,24.3,9280,hybrid,43,63,228,44,61,1238,2,inference,512,1,2525,1365441,0.43,success,7.1,full_gpu,3971,sku_b,green,zone_d,moderado
2569,2.61,0.78,286,24.2,48.3,24.1,8349,air,37,76,350,66,69,1733,2,fine_tuning,384,18,11529,8038779,10.96,success,6.0,temporal_sharing,3544,sku_b,green,zone_b,moderado
3141,3.15,1.21,267,21.6,50.8,29.2,11454,hybrid,42,66,381,47,74,1288,4,inference,512,1,4797,3429114,3.27,success,11.4,full_gpu,3974,sku_e,blue,zone_c,moderado
5700,5.66,1.75,460,25.0,56.0,31.0,12600,liquid,29,44,395,26,76,1210,8,idle,4,1,70,30000,4.8,failed,54.0,full_gpu,7600,sku_a,yellow,zone_b,alto
5372,5.42,0.46,356,23.8,55.4,31.6,11914,liquid,84,77,496,87,84,1921,4,training,512,40,19011,41747369,79.8,success,11.1,full_gpu,6925,sku_a,yellow,zone_c,baixo
3265,3.29,0.98,427,25.0,51.6,26.6,10275,hybrid,50,54,351,40,70,1396,2,inference,128,1,5222,4906251,4.67,success,6.9,mig,4012,sku_e,blue,zone_d,moderado
5224,5.17,1.45,454,25.2,50.9,25.7,10222,hybrid,73,67,349,76,79,1714,4,fine_tuning,256,18,4038,2656883,27.44,success,12.1,temporal_sharing,5926,sku_b,white,zone_c,moderado
3489,3.51,0.67,232,23.5,49.1,25.6,9720,hybrid,46,62,359,65,71,1687,2,inference,64,1,5586,815185,3.62,success,6.8,full_gpu,4068,sku_d,blue,zone_c,moderado
5815,5.84,0.43,343,21.3,44.1,22.8,9050,immersion,68,79,404,82,77,1948,8,training,256,103,41991,19188977,74.77,success,17.1,full_gpu,7134,sku_a,blue,zone_d,baixo
4743,4.79,0.85,321,21.8,45.4,23.6,13985,immersion,63,83,358,81,76,1683,4,fine_tuning,256,13,5496,12861746,8.22,success,13.1,temporal_sharing,5962,sku_e,white,zone_b,baixo
4369,4.41,0.86,366,22.7,53.3,30.6,12609,hybrid,50,68,371,51,77,1644,4,inference,512,1,4459,3787788,1.9,success,10.3,full_gpu,4926,sku_e,white,zone_c,baixo
8388,8.35,1.62,386,25.3,61.8,36.5,15370,hybrid,77,83,541,72,86,1625,16,training,512,131,48401,62345172,80.09,success,22.8,full_gpu,12000,sku_b,red,zone_b,moderado
4911,4.96,0.52,236,21.9,53.4,31.5,11527,liquid,76,78,372,73,78,1882,8,training,256,90,34742,81777039,75.95,success,10.8,full_gpu,6313,sku_b,green,zone_a,baixo
6460,6.49,2.7,705,26.0,57.5,31.5,15800,hybrid,24,39,415,23,78,1280,8,inference,16,1,240,140000,2.3,aborted,62.0,mig,8200,sku_e,yellow,zone_a,alto
2973,2.99,1.34,254,24.0,49.3,25.3,10374,air,34,54,314,49,65,1221,2,inference,512,1,3486,3982591,0.68,success,9.3,temporal_sharing,3701,sku_e,white,zone_c,moderado
10334,10.26,2.17,396,26.5,54.3,27.8,15017,hybrid,72,86,632,69,92,1914,16,training,2048,46,23389,36576129,85.25,success,31.1,full_gpu,12000,sku_c,blue,zone_d,moderado
5200,5.23,1.95,540,25.0,55.0,30.0,11600,hybrid,24,40,370,21,75,1180,4,idle,8,1,60,26000,4.0,success,38.0,full_gpu,7000,sku_e,blue,zone_c,alto
11800,11.72,0.93,472,23.4,53.0,29.6,13072,hybrid,81,87,649,87,94,1911,16,training,768,40,60110,46640396,108.96,success,29.0,full_gpu,12000,sku_a,red,zone_c,baixo
7614,7.65,1.29,385,22.6,49.5,26.9,11168,liquid,76,71,483,65,83,1764,8,fine_tuning,512,24,10430,13115862,33.67,success,20.7,full_gpu,9584,sku_c,green,zone_a,moderado
4570,4.6,1.7,520,24.5,52.0,27.5,10400,hybrid,40,56,350,42,71,1300,4,inference,256,1,3800,3500000,4.2,success,31.0,temporal_sharing,6200,sku_b,green,zone_d,alto
6300,6.35,1.18,310,25.5,58.0,32.5,12500,liquid,27,45,430,22,78,1210,8,idle,8,1,110,52000,7.2,failed,60.0,mig,8500,sku_b,yellow,zone_c,alto
2380,2.34,0.72,100,21.8,41.7,19.9,6271,liquid,30,56,250,55,61,1589,4,inference,256,1,1161,771850,1.14,success,7.5,full_gpu,2673,sku_c,yellow,zone_b,baixo
10480,10.54,2.65,720,29.5,71.0,41.5,20100,air,52,67,625,45,92,1600,16,training,768,110,45000,70000000,135.0,aborted,112.0,full_gpu,12000,sku_d,white,zone_b,alto
5330,5.36,1.7,550,24.5,55.5,31.0,14100,hybrid,22,42,370,18,74,1180,4,idle,4,1,90,40000,5.1,running,39.0,temporal_sharing,7000,sku_b,blue,zone_a,alto
4309,4.27,1.11,430,23.4,46.9,23.5,8930,hybrid,48,79,370,61,74,1497,4,fine_tuning,512,16,6199,3557393,20.33,success,9.4,full_gpu,4904,sku_b,blue,zone_d,moderado
1105,1.11,0.53,67,18.9,25.9,7.0,2778,air,19,22,81,6,36,939,2,idle,2,1,86,69424,0.38,success,5.0,none,1430,sku_b,yellow,zone_a,baixo
3197,3.17,0.95,456,24.7,48.2,23.5,10405,air,53,58,287,49,64,1321,2,inference,16,1,2945,1865954,1.98,success,10.6,temporal_sharing,4432,sku_b,green,zone_a,moderado
5704,5.73,1.23,356,22.5,50.3,27.8,13729,hybrid,69,70,480,72,82,1518,4,fine_tuning,512,14,14266,8423899,16.43,success,10.5,temporal_sharing,7427,sku_a,blue,zone_a,baixo
3084,3.13,0.91,333,22.5,50.5,28.0,12358,hybrid,51,85,330,87,75,1855,2,fine_tuning,128,7,3565,7181652,11.61,success,5.8,full_gpu,4220,sku_a,red,zone_d,baixo
5685,5.71,0.9,486,24.9,54.5,29.6,13477,air,62,77,343,77,79,1735,8,fine_tuning,512,10,10171,5118840,22.27,success,18.8,temporal_sharing,7581,sku_a,red,zone_d,baixo
5705,5.79,1.2,341,22.5,50.0,27.5,12360,hybrid,64,65,460,68,82,1684,4,fine_tuning,384,19,10554,10143794,17.42,success,13.2,full_gpu,7158,sku_e,red,zone_a,baixo
6622,6.56,1.17,318,25.5,51.8,26.3,12740,air,56,79,463,66,80,1591,8,fine_tuning,512,25,12997,13950953,18.56,success,21.1,full_gpu,8399,sku_c,yellow,zone_a,moderado
5040,5.09,1.42,370,24.5,54.0,29.5,10900,hybrid,35,50,355,33,72,1260,4,inference,256,1,2500,2800000,4.5,running,34.0,temporal_sharing,6800,sku_e,yellow,zone_b,alto
6900,6.96,2.7,750,26.0,59.0,33.0,15850,liquid,24,40,450,21,79,1255,8,idle,4,1,70,34000,5.5,aborted,63.0,full_gpu,8800,sku_b,white,zone_a,alto
7732,7.73,1.75,593,25.5,56.9,31.4,16287,immersion,74,82,469,77,85,1648,8,training,1024,30,11150,94896767,39.63,running,16.4,full_gpu,10913,sku_b,blue,zone_a,moderado
6060,6.09,2.25,600,25.5,57.5,32.0,13200,air,23,39,410,22,77,1200,8,idle,8,1,70,34000,4.6,aborted,56.0,temporal_sharing,8100,sku_e,blue,zone_c,alto
7789,7.81,0.9,383,24.9,55.8,30.9,13919,liquid,83,86,454,68,82,1727,8,training,256,55,31312,89852598,69.53,success,19.7,full_gpu,9189,sku_a,blue,zone_d,moderado
6834,6.77,1.69,540,24.1,55.3,31.2,12831,hybrid,51,81,319,61,76,1598,8,fine_tuning,512,17,8609,6561496,25.75,success,19.1,temporal_sharing,8918,sku_e,yellow,zone_a,moderado
4370,4.41,1.95,580,24.5,54.0,29.5,10500,air,36,50,330,38,70,1240,4,inference,128,1,1300,1000000,4.4,running,32.0,mig,6200,sku_d,red,zone_d,alto
10550,10.61,1.42,360,30.0,70.0,40.0,17700,air,58,72,610,52,92,1660,16,training,1024,85,31000,57000000,82.0,success,112.0,full_gpu,12000,sku_d,red,zone_d,alto
7930,7.89,1.85,500,26.5,61.0,34.5,14200,hybrid,40,57,500,38,83,1380,8,fine_tuning,256,24,7800,9200000,53.0,success,76.0,temporal_sharing,10000,sku_c,red,zone_b,alto
10900,10.95,2.9,800,30.5,72.0,41.5,21000,air,47,65,620,44,93,1620,16,fine_tuning,768,45,36000,44000000,96.0,aborted,114.0,full_gpu,12000,sku_a,red,zone_d,alto
7132,7.19,1.37,371,24.5,48.3,23.8,11982,liquid,72,71,425,70,79,1791,8,fine_tuning,256,8,11219,4291817,28.18,success,19.4,full_gpu,9654,sku_c,blue,zone_a,moderado
5049,5.08,0.77,472,23.9,56.3,32.4,12168,liquid,64,66,371,86,80,1681,4,fine_tuning,384,26,7641,4340862,25.61,success,14.6,full_gpu,5672,sku_e,red,zone_c,baixo
1264,1.26,0.32,159,21.2,32.3,11.1,3878,air,17,28,123,11,39,767,4,idle,2,1,23,57896,0.41,success,5.0,mig,1516,sku_c,white,zone_b,baixo
3224,3.2,0.89,99,22.5,42.8,20.3,8733,air,72,67,442,68,81,1769,2,fine_tuning,192,9,5206,3890777,10.13,success,6.3,mig,4293,sku_a,yellow,zone_b,baixo
7270,7.31,1.4,360,26.0,60.0,34.0,12900,liquid,35,54,470,33,81,1360,8,inference,128,1,600,600000,4.3,success,72.0,mig,9500,sku_b,red,zone_b,alto
3905,3.91,0.99,302,24.2,51.0,26.8,13031,liquid,45,82,225,65,65,1649,8,inference,256,1,2391,2336994,4.09,success,11.6,full_gpu,4567,sku_d,yellow,zone_c,baixo
777,0.77,0.5,139,20.9,34.3,13.4,2046,air,19,20,58,13,32,716,1,idle,2,1,30,63623,0.45,success,5.0,mig,993,sku_d,red,zone_a,baixo
1863,1.87,0.58,181,19.8,34.1,14.3,3685,air,42,41,173,56,56,1546,4,inference,128,1,395,2496722,0.3,success,9.5,temporal_sharing,2114,sku_d,green,zone_a,baixo
3464,3.46,1.34,479,23.4,52.6,29.2,11155,liquid,51,75,295,58,73,1511,4,inference,256,1,5410,1605461,4.71,success,14.7,mig,3946,sku_b,white,zone_b,moderado
1950,2.03,1.46,259,24.1,52.3,28.2,8193,air,11,46,192,10,48,1005,4,idle,2,1,37,47672,6.01,running,10.1,none,3032,sku_a,yellow,zone_b,moderado
3638,3.62,1.56,501,25.6,54.4,28.8,12071,hybrid,52,60,327,45,67,1484,2,inference,256,1,1580,3093464,1.85,success,8.4,mig,4563,sku_a,red,zone_c,moderado
1518,1.5,0.5,224,20.0,35.9,15.9,4693,air,49,71,107,49,53,1075,4,inference,32,1,1200,589258,1.33,success,9.1,mig,1824,sku_a,blue,zone_c,baixo
1837,1.85,0.74,156,22.1,35.5,13.4,6375,air,32,57,219,56,62,1370,4,inference,16,1,321,928432,1.02,success,8.8,mig,2345,sku_b,green,zone_a,baixo
3414,3.38,0.84,306,20.5,41.3,20.8,9432,hybrid,65,60,469,84,86,1837,4,fine_tuning,256,4,5101,2640096,4.95,success,10.7,full_gpu,4156,sku_c,blue,zone_a,baixo
3847,3.78,1.57,335,23.2,49.0,25.8,9648,hybrid,54,72,367,68,76,1487,4,fine_tuning,512,32,2465,15691615,30.48,success,12.3,temporal_sharing,4568,sku_b,red,zone_b,moderado
11800,11.79,1.24,361,25.0,55.3,30.3,15101,liquid,87,83,572,83,88,1730,16,training,1024,126,18410,36552611,110.08,success,27.7,full_gpu,12000,sku_e,yellow,zone_c,baixo
2886,2.91,0.82,259,23.0,44.3,21.3,8778,liquid,47,61,290,49,64,1278,2,inference,64,1,3719,812122,2.65,success,8.2,temporal_sharing,3703,sku_c,yellow,zone_a,moderado
4980,5.02,1.35,360,24.5,54.5,30.0,11000,hybrid,37,54,355,34,72,1260,4,inference,256,1,2500,2700000,4.3,success,34.0,temporal_sharing,6600,sku_a,red,zone_c,alto
5757,5.68,1.45,205,23.7,51.8,28.1,11486,hybrid,75,66,396,75,79,1754,4,fine_tuning,768,23,5999,11759776,20.1,success,12.5,full_gpu,6471,sku_e,red,zone_a,moderado
7120,7.17,0.7,348,22.2,56.7,34.5,11459,liquid,72,88,475,90,82,1721,16,training,1536,67,54498,60195778,62.6,success,24.7,full_gpu,8603,sku_c,green,zone_c,baixo
8120,8.08,2.4,690,28.5,67.0,38.5,19100,hybrid,44,63,515,35,84,1580,8,inference,32,1,450,240000,3.8,failed,79.0,full_gpu,10200,sku_a,green,zone_b,alto
7830,7.81,2.19,578,26.6,57.7,31.1,15891,hybrid,50,87,525,50,87,1802,8,training,1024,112,19668,50035148,61.46,success,22.0,full_gpu,9438,sku_c,red,zone_d,moderado
6759,6.75,1.5,433,22.1,52.0,29.9,12934,hybrid,49,63,481,47,83,1675,8,fine_tuning,384,27,7522,7481548,26.12,running,20.8,full_gpu,8916,sku_e,red,zone_d,moderado
9600,9.67,2.4,660,28.5,67.0,38.5,17200,air,49,65,570,43,88,1520,16,fine_tuning,512,40,16000,21000000,88.0,running,98.0,full_gpu,12000,sku_a,white,zone_d,alto
685,0.68,0.61,63,21.9,28.8,6.9,3422,hybrid,15,26,61,12,36,693,1,idle,4,1,101,45029,0.75,success,5.0,temporal_sharing,914,sku_d,yellow,zone_a,baixo
11250,11.31,1.9,465,30.0,70.5,40.5,18400,air,40,62,635,29,92,1480,16,inference,128,1,4000,2100000,6.6,running,118.0,full_gpu,12000,sku_d,green,zone_a,alto
4841,4.8,1.18,498,21.8,44.9,23.1,9081,hybrid,63,75,325,69,75,1584,4,fine_tuning,512,30,7805,3005784,27.7,success,10.5,full_gpu,6278,sku_b,white,zone_b,moderado
5156,5.21,1.32,333,24.9,57.4,32.5,13408,hybrid,61,65,419,61,81,1684,4,fine_tuning,384,21,5878,15279065,30.4,running,13.7,mig,6369,sku_c,green,zone_b,moderado
4618,4.64,1.42,398,23.0,44.3,21.3,9114,hybrid,52,81,333,71,73,1592,4,fine_tuning,512,29,12248,10873812,17.85,success,9.6,mig,5380,sku_b,white,zone_c,moderado
6885,6.82,1.22,401,22.3,52.3,30.0,12049,immersion,73,84,473,78,84,2034,8,training,1536,103,52967,58207732,65.91,success,17.3,full_gpu,8979,sku_e,white,zone_a,baixo
8060,8.12,1.9,510,27.0,62.0,35.0,14000,liquid,43,60,505,39,84,1425,8,inference,128,1,1400,1300000,5.3,running,80.0,mig,10400,sku_c,green,zone_b,alto
4476,4.51,1.22,364,23.7,52.7,29.0,13147,liquid,60,82,386,82,77,1561,4,fine_tuning,768,24,6131,12804438,10.64,success,11.2,full_gpu,6112,sku_a,green,zone_b,baixo
4565,4.49,1.02,408,23.7,46.0,22.3,9453,hybrid,72,57,370,62,76,1474,4,fine_tuning,512,29,4177,9500567,34.04,success,10.1,full_gpu,6215,sku_a,white,zone_b,moderado
4056,4.11,1.08,444,22.9,44.2,21.3,10255,hybrid,45,60,321,54,72,1542,8,inference,512,1,1870,915567,1.63,success,15.5,mig,4963,sku_b,white,zone_a,baixo
1069,1.08,0.63,117,18.2,30.7,12.5,2976,air,11,21,63,10,32,980,2,idle,2,1,60,64679,0.26,success,5.0,mig,1298,sku_b,green,zone_c,baixo
9100,9.05,2.8,715,28.5,66.0,37.5,19400,air,32,51,520,31,87,1440,8,fine_tuning,256,18,6800,9500000,42.0,failed,90.0,mig,11100,sku_e,green,zone_c,alto
3307,3.34,1.22,360,24.0,53.2,29.2,9857,hybrid,64,85,479,71,82,1946,4,fine_tuning,256,28,3025,9481087,10.22,success,11.9,temporal_sharing,3812,sku_c,blue,zone_c,baixo
10073,10.12,2.28,311,25.4,55.0,29.6,16622,hybrid,64,79,572,62,86,1861,16,training,2048,27,22184,77359347,62.14,failed,29.8,full_gpu,12000,sku_e,white,zone_c,moderado
4506,4.55,0.96,335,22.4,46.7,24.3,8427,liquid,55,73,293,74,68,1548,4,inference,128,1,5341,2137413,1.92,success,11.4,full_gpu,5409,sku_c,yellow,zone_d,baixo
2764,2.73,0.82,286,21.6,39.4,17.8,6540,air,75,59,336,69,77,1493,2,fine_tuning,128,3,3292,5846013,4.54,success,7.5,full_gpu,3579,sku_a,yellow,zone_d,baixo
5637,5.59,0.53,154,23.5,48.6,25.1,7898,liquid,79,87,390,85,75,1683,8,training,512,89,49444,65945690,50.21,success,11.9,full_gpu,7232,sku_e,red,zone_d,baixo
5751,5.78,0.96,184,23.8,53.6,29.8,10268,hybrid,73,62,416,72,77,1665,8,inference,512,1,2450,4195870,3.53,success,15.4,temporal_sharing,6435,sku_a,yellow,zone_d,moderado
4293,4.23,0.72,263,23.2,47.5,24.3,10974,hybrid,53,80,323,71,73,1666,4,fine_tuning,512,30,1592,7422646,26.47,success,11.1,full_gpu,5362,sku_a,white,zone_d,moderado
7034,6.98,0.79,355,21.2,45.9,24.7,11333,hybrid,81,66,457,78,82,1753,8,training,512,71,20754,20908521,82.36,success,17.9,full_gpu,8588,sku_c,yellow,zone_c,moderado
9207,9.19,1.11,201,22.1,53.4,31.3,14996,hybrid,73,86,582,77,89,1899,16,training,512,52,28685,84793300,100.07,success,26.2,full_gpu,11680,sku_d,green,zone_d,moderado
2469,2.46,0.61,200,21.9,39.0,17.1,5030,liquid,37,66,284,46,63,1504,2,inference,256,1,1400,1610524,2.29,success,7.8,temporal_sharing,3138,sku_b,yellow,zone_b,baixo
8932,8.94,1.41,295,24.9,52.3,27.4,12526,liquid,64,77,582,72,86,1720,16,training,256,98,42627,86698869,23.97,success,30.3,full_gpu,12000,sku_c,white,zone_d,moderado
7857,7.8,0.78,182,23.8,50.6,26.8,13998,liquid,84,78,493,79,83,1804,8,training,1024,103,15160,90556041,111.04,success,19.7,full_gpu,9662,sku_a,green,zone_c,moderado
2907,2.92,0.73,256,23.3,48.1,24.8,5630,hybrid,46,72,445,79,81,1417,2,fine_tuning,512,11,6601,3493897,8.54,success,6.4,temporal_sharing,3998,sku_c,blue,zone_d,baixo
2477,2.43,1.37,477,24.2,51.1,26.9,10467,hybrid,47,64,294,46,67,1283,2,inference,16,1,5564,1836643,0.95,success,8.0,full_gpu,3263,sku_a,red,zone_a,moderado
8892,8.95,1.92,600,23.5,60.4,36.9,17442,hybrid,62,90,554,54,89,1810,16,training,768,112,53275,82037300,34.18,failed,24.3,full_gpu,12000,sku_a,green,zone_d,moderado
10500,10.56,2.45,680,29.0,70.0,41.0,19800,air,42,60,620,33,91,1500,16,training,1024,110,42000,68000000,138.0,aborted,110.0,mig,12000,sku_e,red,zone_c,alto
8616,8.68,2.08,572,26.7,62.0,35.3,16268,hybrid,53,82,521,48,86,1709,16,training,768,39,25551,94492728,70.28,success,30.7,full_gpu,11091,sku_b,yellow,zone_a,moderado
4285,4.33,0.84,439,24.5,50.2,25.7,9676,liquid,54,58,352,54,74,1442,4,inference,64,1,4480,4015134,5.43,success,10.8,temporal_sharing,4935,sku_e,white,zone_d,moderado
1074,1.08,0.49,177,18.6,28.7,10.1,3337,air,22,12,71,14,34,948,2,idle,4,1,39,67619,0.31,success,5.0,none,1459,sku_c,yellow,zone_b,baixo
5860,5.89,2.4,680,25.5,59.0,33.5,17100,air,19,35,400,17,76,1140,4,idle,8,1,40,18000,3.3,success,44.0,mig,7600,sku_c,yellow,zone_b,alto
8685,8.81,1.03,305,24.7,53.6,28.9,12875,hybrid,84,90,594,93,92,1812,16,training,2048,42,59524,86970723,121.49,success,22.8,full_gpu,10188,sku_a,blue,zone_b,baixo
4259,4.26,1.46,362,23.7,52.9,29.2,10965,liquid,44,63,321,48,69,1450,4,inference,64,1,4841,3976445,5.33,running,12.3,mig,4991,sku_a,red,zone_b,moderado
6593,6.56,0.83,265,22.9,50.8,27.9,9805,liquid,69,74,486,83,84,1909,8,training,1024,68,22691,82752529,31.79,success,13.8,full_gpu,8792,sku_d,yellow,zone_b,baixo
3932,3.96,0.48,227,21.3,36.3,15.0,4835,hybrid,29,53,150,53,56,1271,4,inference,128,1,1796,1681391,1.89,success,10.4,mig,4766,sku_b,green,zone_c,baixo
1363,1.36,0.29,237,21.8,32.6,10.8,2845,air,20,26,60,15,33,837,1,idle,16,1,112,14529,0.12,success,5.0,mig,1710,sku_b,green,zone_c,baixo
4332,4.37,0.89,468,23.3,53.4,30.1,12872,hybrid,64,76,482,84,84,1721,4,fine_tuning,768,16,14443,10963543,22.88,success,9.8,temporal_sharing,5138,sku_a,yellow,zone_a,baixo
4490,4.54,1.2,225,23.2,49.7,26.5,8491,hybrid,61,78,251,69,65,1710,4,inference,128,1,1604,2161316,1.56,success,10.5,full_gpu,5880,sku_a,green,zone_c,baixo
2208,2.14,1.07,480,22.1,49.0,26.9,7536,hybrid,35,59,187,53,60,1286,2,inference,256,1,5184,964258,4.67,success,7.0,temporal_sharing,3020,sku_a,red,zone_d,moderado
8182,8.23,0.93,468,24.8,51.3,26.5,11871,immersion,78,82,648,90,92,2013,16,training,768,100,64823,28027248,37.21,success,28.7,full_gpu,10356,sku_e,green,zone_d,baixo
6811,6.72,0.66,235,25.0,56.2,31.2,10102,liquid,75,91,514,88,85,1880,8,training,1536,121,17647,89607519,65.33,success,15.3,full_gpu,8035,sku_b,yellow,zone_b,baixo
4820,4.77,1.3,350,24.0,53.5,29.5,10600,hybrid,35,51,350,34,72,1260,4,inference,128,1,2400,2500000,4.3,failed,34.0,full_gpu,6600,sku_a,green,zone_b,alto
10980,10.91,2.8,760,30.0,72.0,42.0,20800,air,55,70,640,48,94,1650,16,training,1024,130,52000,82000000,150.0,failed,117.0,full_gpu,12000,sku_d,white,zone_b,alto
7243,7.14,0.8,367,25.0,57.2,32.2,14405,hybrid,73,84,635,80,92,1980,8,training,768,63,39959,81332517,88.43,success,16.7,full_gpu,8728,sku_b,green,zone_a,baixo
10150,10.08,1.25,335,28.5,67.0,38.5,15800,air,50,64,595,46,90,1530,16,inference,256,1,2800,2400000,7.0,success,106.0,mig,12000,sku_b,green,zone_b,alto
7338,7.28,1.8,537,25.4,52.9,27.5,14771,liquid,71,75,351,70,78,1819,8,fine_tuning,384,7,7934,14924856,11.76,success,18.0,full_gpu,9329,sku_b,green,zone_b,moderado
5912,5.87,0.92,449,23.9,56.1,32.2,12671,immersion,79,85,511,74,85,1568,8,fine_tuning,256,9,11189,2879381,24.14,success,14.7,full_gpu,7447,sku_c,green,zone_d,baixo
1999,2.01,0.55,165,21.6,39.9,18.3,4564,liquid,54,46,234,66,64,1518,1,inference,64,1,1557,1478711,2.05,success,5.0,mig,2419,sku_d,red,zone_a,baixo
3418,3.43,0.94,252,23.2,55.0,31.8,10485,hybrid,39,59,332,54,68,1359,4,inference,512,1,4327,4979147,1.65,success,15.4,mig,4731,sku_d,white,zone_a,moderado
8120,8.17,1.95,520,27.0,62.5,35.5,14500,air,42,59,510,38,84,1390,8,inference,128,1,1400,1300000,5.6,failed,82.0,temporal_sharing,10400,sku_c,red,zone_a,alto
9735,9.68,2.33,583,25.4,60.1,34.7,14650,hybrid,56,68,520,53,82,1715,16,training,512,120,55839,92527139,57.8,success,24.6,full_gpu,12000,sku_e,red,zone_a,moderado
9350,9.41,1.76,430,27.0,64.5,37.5,15100,liquid,37,54,560,39,86,1515,16,fine_tuning,256,26,7600,8600000,55.0,running,92.0,full_gpu,11500,sku_a,white,zone_c,alto
8740,8.8,1.8,475,27.5,64.0,36.5,15600,hybrid,43,60,530,39,85,1430,16,fine_tuning,512,32,11000,16000000,77.0,aborted,88.0,mig,11000,sku_c,blue,zone_b,alto
7210,7.16,1.85,500,26.0,60.0,34.0,14100,liquid,40,57,475,36,81,1350,8,inference,128,1,1200,1100000,5.2,running,72.0,mig,9400,sku_c,white,zone_a,alto
1133,1.15,0.5,88,18.4,30.0,11.6,2455,hybrid,5,17,60,11,36,961,4,idle,1,1,39,54965,0.46,success,5.0,temporal_sharing,1399,sku_e,white,zone_b,baixo
2459,2.5,0.58,188,21.9,39.5,17.6,6510,liquid,39,70,396,48,69,1528,1,inference,128,1,5029,4363292,2.88,success,6.5,mig,2781,sku_e,red,zone_d,moderado
9520,9.46,1.5,380,28.0,66.0,38.0,14200,liquid,48,63,565,43,87,1500,16,training,512,95,31000,49000000,116.0,success,95.0,full_gpu,12000,sku_b,white,zone_c,alto
